Workbook

Sheet 表单1
A1: 文物编号 | B1: 纹饰 | C1: 类型 | D1: 颜色 | E1: 表面风化
A2: 01 | B2: C | C2: 高钾 | D2: 蓝绿 | E2: 无风化
A3: 02 | B3: A | C3: 铅钡 | D3: 浅蓝 | E3: 风化
A4: 03 | B4: A | C4: 高钾 | D4: 蓝绿 | E4: 无风化
A5: 04 | B5: A | C5: 高钾 | D5: 蓝绿 | E5: 无风化
A6: 05 | B6: A | C6: 高钾 | D6: 蓝绿 | E6: 无风化
A7: 06 | B7: A | C7: 高钾 | D7: 蓝绿 | E7: 无风化
A8: 07 | B8: B | C8: 高钾 | D8: 蓝绿 | E8: 风化
A9: 08 | B9: C | C9: 铅钡 | D9: 紫 | E9: 风化
A10: 09 | B10: B | C10: 高钾 | D10: 蓝绿 | E10: 风化
A11: 10 | B11: B | C11: 高钾 | D11: 蓝绿 | E11: 风化
A12: 11 | B12: C | C12: 铅钡 | D12: 浅蓝 | E12: 风化
... A19: 18 | B19: A | C19: 高钾 | D19: 深蓝 | E19: 无风化
A20: 19 | B20: A | C20: 铅钡 | E20: 风化
A21: 20 | B21: A | C21: 铅钡 | D21: 浅蓝 | E21: 无风化
A22: 21 | B22: A | C22: 高钾 | D22: 蓝绿 | E22: 无风化
A23: 22 | B23: B | C23: 高钾 | D23: 蓝绿 | E23: 风化
A24: 23 | B24: A | C24: 铅钡 | D24: 蓝绿 | E24: 风化
A25: 24 | B25: C | C25: 铅钡 | D25: 紫 | E25: 无风化
A26: 25 | B26: C | C26: 铅钡 | D26: 浅蓝 | E26: 风化
A27: 26 | B27: C | C27: 铅钡 | D27: 紫 | E27: 风化
A28: 27 | B28: B | C28: 高钾 | D28: 蓝绿 | E28: 风化
A29: 28 | B29: A | C29: 铅钡 | D29: 浅蓝 | E29: 风化
A30: 29 | B30: A | C30: 铅钡 | D30: 浅蓝 | E30: 风化
A31: 30 | B31: A | C31: 铅钡 | D31: 深蓝 | E31: 无风化
A32: 31 | B32: C | C32: 铅钡 | D32: 紫 | E32: 无风化
... A40: 39 | B40: C | C40: 铅钡 | D40: 深绿 | E40: 风化
A41: 40 | B41: C | C41: 铅钡 | E41: 风化
A42: 41 | B42: C | C42: 铅钡 | D42: 浅绿 | E42: 风化
A43: 42 | B43: A | C43: 铅钡 | D43: 浅蓝 | E43: 风化
A44: 43 | B44: C | C44: 铅钡 | D44: 浅蓝 | E44: 风化
A45: 44 | B45: A | C45: 铅钡 | D45: 浅蓝 | E45: 风化
A46: 45 | B46: A | C46: 铅钡 | D46: 浅蓝 | E46: 无风化
A47: 46 | B47: A | C47: 铅钡 | D47: 浅蓝 | E47: 无风化
A48: 47 | B48: A | C48: 铅钡 | D48: 浅蓝 | E48: 无风化
A49: 48 | B49: A | C49: 铅钡 | E49: 风化
A50: 49 | B50: A | C50: 铅钡 | D50: 黑 | E50: 风化
A51: 50 | B51: A | C51: 铅钡 | D51: 黑 | E51: 风化
A52: 51 | B52: C | C52: 铅钡 | D52: 浅蓝 | E52: 风化
A53: 52 | B53: C | C53: 铅钡 | D53: 浅蓝 | E53: 风化
A54: 53 | B54: A | C54: 铅钡 | D54: 浅蓝 | E54: 风化
A55: 54 | B55: C | C55: 铅钡 | D55: 浅蓝 | E55: 风化
A56: 55 | B56: C | C56: 铅钡 | D56: 绿 | E56: 无风化
A57: 56 | B57: C | C57: 铅钡 | D57: 蓝绿 | E57: 风化
A58: 57 | B58: C | C58: 铅钡 | D58: 蓝绿 | E58: 风化
A59: 58 | B59: C | C59: 铅钡 | E59: 风化

Sheet 表单2
A1: 文物采样点 | B1: 二氧化硅(SiO2) | C1: 氧化钠(Na2O) | D1: 氧化钾(K2O) | E1: 氧化钙(CaO) | F1: 氧化镁(MgO) | G1: 氧化铝(Al2O3) | H1: 氧化铁(Fe2O3) | I1: 氧化铜(CuO) | J1: 氧化铅(PbO) | K1: 氧化钡(BaO) | L1: 五氧化二磷(P2O5) | M1: 氧化锶(SrO) | N1: 氧化锡(SnO2) | O1: 二氧化硫(SO2)
A2: 01 | B2: 69.33 | D2: 9.99 | E2: 6.32 | F2: 0.87 | G2: 3.93 | H2: 1.74 | I2: 3.87 | L2: 1.17 | O2: 0.39
A3: 02 | B3: 36.28 | D3: 1.05 | E3: 2.34 | F3: 1.18 | G3: 5.73 | H3: 1.86 | I3: 0.26 | J3: 47.43 | L3: 3.57 | M3: 0.19
A4: 03部位1 | B4: 87.05 | D4: 5.19 | E4: 2.01 | G4: 4.06 | I4: 0.78 | J4: 0.25 | L4: 0.66
A5: 03部位2 | B5: 61.71 | D5: 12.37 | E5: 5.87 | F5: 1.11 | G5: 5.5 | H5: 2.16 | I5: 5.09 | J5: 1.41 | K5: 2.86 | L5: 0.7 | M5: 0.1
A6: 04 | B6: 65.88 | D6: 9.67 | E6: 7.12 | F6: 1.56 | G6: 6.44 | H6: 2.06 | I6: 2.18 | L6: 0.79 | O6: 0.36
A7: 05 | B7: 61.58 | D7: 10.95 | E7: 7.35 | F7: 1.77 | G7: 7.5 | H7: 2.62 | I7: 3.27 | L7: 0.94 | M7: 0.06 | O7: 0.47
A8: 06部位1 | B8: 67.65 | D8: 7.37 | F8: 1.98 | G8: 11.15 | H8: 2.39 | I8: 2.51 | J8: 0.2 | K8: 1.38 | L8: 4.18 | M8: 0.11
A9: 06部位2 | B9: 59.81 | D9: 7.68 | E9: 5.41 | F9: 1.73 | G9: 10.05 | H9: 6.04 | I9: 2.18 | J9: 0.35 | K9: 0.97 | L9: 4.5 | M9: 0.12
A10: 07 | B10: 92.63 | E10: 1.07 | G10: 1.98 | H10: 0.17 | I10: 3.24 | L10: 0.61
A11: 08 | B11: 20.14 | E11: 1.48 | G11: 1.34 | I11: 10.41 | J11: 28.68 | K11: 31.23 | L11: 3.59 | M11: 0.37 | O11: 2.58
A12: 08严重风化点 | B12: 4.61 | E12: 3.19 | G12: 1.11 | I12: 3.14 | J12: 32.45 | K12: 30.62 | L12: 7.56 | M12: 0.53 | O12: 15.03
A13: 09 | B13: 95.02 | D13: 0.59 | E13: 0.62 | G13: 1.32 | H13: 0.32 | I13: 1.55 | L13: 0.35
A14: 10 | B14: 96.77 | D14: 0.92 | E14: 0.21 | G14: 0.81 | H14: 0.26 | I14: 0.84
A15: 11 | B15: 33.59 | D15: 0.21 | E15: 3.51 | F15: 0.71 | G15: 2.69 | I15: 4.93 | J15: 25.39 | K15: 14.61 | L15: 9.38 | M15: 0.37
A16: 12 | B16: 94.29 | D16: 1.01 | E16: 0.72 | G16: 1.46 | H16: 0.29 | I16: 1.65 | L16: 0.15
A17: 13 | B17: 59.01 | C17: 2.86 | D17: 12.53 | E17: 8.7 | G17: 6.16 | H17: 2.88 | I17: 4.73 | L17: 1.27
A18: 14 | B18: 62.47 | C18: 3.38 | D18: 12.28 | E18: 8.23 | F18: 0.66 | G18: 9.23 | H18: 0.5 | I18: 0.47 | J18: 1.62 | L18: 0.16
A19: 15 | B19: 61.87 | C19: 3.21 | D19: 7.44 | F19: 1.02 | G19: 3.15 | H19: 1.04 | I19: 1.29 | J19: 0.19 | K19: 0 | L19: 0.26
A20: 16 | B20: 65.18 | C20: 2.1 | D20: 14.52 | E20: 8.27 | F20: 0.52 | G20: 6.18 | H20: 0.42 | I20: 1.07 | J20: 0.11 | K20: 0 | M20: 0.04
A21: 17 | B21: 60.71 | C21: 2.12 | D21: 5.71 | F21: 0.85 | H21: 1.04 | I21: 1.09 | J21: 0.19 | K21: 0 | L21: 0.18 | N21: 0
A22: 18 | B22: 79.46 | D22: 9.42 | F22: 1.53 | G22: 3.05 | L22: 1.36 | M22: 0.07 | N22: 2.36
A23: 19 | B23: 29.64 | E23: 2.93 | F23: 0.59 | G23: 3.57 | H23: 1.33 | I23: 3.51 | J23: 42.82 | K23: 5.35 | L23: 8.83 | M23: 0.19
A24: 20 | B24: 37.36 | D24: 0.71 | G24: 5.45 | H24: 1.51 | I24: 4.78 | J24: 9.3 | K24: 23.55 | L24: 5.75
A25: 21 | B25: 76.68 | E25: 4.71 | F25: 1.22 | G25: 6.19 | H25: 2.37 | I25: 3.28 | J25: 1 | K25: 1.97 | L25: 1.1
A26: 22 | B26: 92.35 | D26: 0.74 | E26: 1.66 | F26: 0.64 | G26: 3.5 | H26: 0.35 | I26: 0.55 | L26: 0.21
A27: 23未风化点 | B27: 53.79 | C27: 7.92 | E27: 0.5 | F27: 0.71 | G27: 1.42 | I27: 2.99 | J27: 16.98 | K27: 11.86 | M27: 0.33
A28: 24 | B28: 31.94 | E28: 0.47 | G28: 1.59 | I28: 8.46 | J28: 29.14 | K28: 26.23 | L28: 0.14 | M28: 0.91
A29: 25未风化点 | B29: 50.61 | C29: 2.31 | E29: 0.63 | G29: 1.9 | H29: 1.55 | I29: 1.12 | J29: 31.9 | K29: 6.65 | L29: 0.19 | M29: 0.2
A30: 26 | B30: 19.79 | E30: 1.44 | G30: 0.7 | I30: 10.57 | J30: 29.53 | K30: 32.25 | L30: 3.13 | M30: 0.45 | O30: 1.96
A31: 26严重风化点 | B31: 3.72 | D31: 0.4 | E31: 3.01 | G31: 1.18 | I31: 3.6 | J31: 29.92 | K31: 35.45 | L31: 6.04 | M31: 0.62 | O31: 15.95
A32: 27 | B32: 92.72 | E32: 0.94 | F32: 0.54 | G32: 2.51 | H32: 0.2 | I32: 1.54 | L32: 0.36
A33: 28未风化点 | B33: 68.08 | D33: 0.26 | E33: 1.34 | F33: 1 | G33: 4.7 | H33: 0.41 | I33: 0.33 | J33: 17.14 | K33: 4.04 | L33: 1.04 | M33: 0.12 | N33: 0.23
A34: 29未风化点 | B34: 63.3 | C34: 0.92 | D34: 0.3 | E34: 2.98 | F34: 1.49 | G34: 14.34 | H34: 0.81 | I34: 0.74 | J34: 12.31 | K34: 2.03 | L34: 0.41 | M34: 0.25
A35: 30部位1 | B35: 34.34 | D35: 1.41 | E35: 4.49 | F35: 0.98 | G35: 4.35 | H35: 2.12 | J35: 39.22 | K35: 10.29 | M35: 0.35 | N35: 0.4
A36: 30部位2 | B36: 36.93 | E36: 4.24 | F36: 0.51 | G36: 3.86 | H36: 2.74 | J36: 37.74 | K36: 10.35 | L36: 1.41 | M36: 0.48 | N36: 0.44
A37: 31 | B37: 65.91 | E37: 1.6 | F37: 0.89 | G37: 3.11 | H37: 4.59 | I37: 0.44 | J37: 16.55 | K37: 3.42 | L37: 1.62 | M37: 0.3
A38: 32 | B38: 69.71 | D38: 0.21 | E38: 0.46 | G38: 2.36 | H38: 1 | I38: 0.11 | J38: 19.76 | K38: 4.88 | L38: 0.17
A39: 33 | B39: 75.51 | D39: 0.15 | E39: 0.64 | F39: 1 | G39: 2.35 | I39: 0.47 | J39: 16.16 | K39: 3.55 | L39: 0.13
A40: 34 | B40: 35.78 | D40: 0.25 | E40: 0.78 | G40: 1.62 | H40: 0.47 | I40: 1.51 | J40: 46.55 | K40: 10 | L40: 0.34 | M40: 0.22
A41: 35 | B41: 65.91 | E41: 0.38 | G41: 1.44 | H41: 0.17 | I41: 0.16 | J41: 22.05 | K41: 5.68 | L41: 0.42
A42: 36 | B42: 39.57 | C42: 2.22 | D42: 0.14 | E42: 0.37 | G42: 1.6 | H42: 0.32 | I42: 0.68 | J42: 41.61 | K42: 10.83 | L42: 0.07 | M42: 0.22
A43: 37 | B43: 60.12 | D43: 0.23 | E43: 0.89 | G43: 2.72 | I43: 3.01 | J43: 17.24 | K43: 10.34 | L43: 1.46 | M43: 0.31 | O43: 3.66
A44: 38 | B44: 32.93 | C44: 1.38 | E44: 0.68 | G44: 2.57 | H44: 0.29 | I44: 0.73 | J44: 49.31 | K44: 9.79 | L44: 0.48 | M44: 0.41
A45: 39 | B45: 26.25 | E45: 1.11 | G45: 0.5 | I45: 0.88 | J45: 61.03 | K45: 7.22 | L45: 1.16 | M45: 0.61
A46: 40 | B46: 16.71 | E46: 1.87 | G46: 0.45 | H46: 0.19 | J46: 70.21 | K46: 6.69 | L46: 1.77 | M46: 0.68
A47: 41 | B47: 18.46 | D47: 0.44 | E47: 4.96 | F47: 2.73 | G47: 3.33 | H47: 1.79 | I47: 0.19 | J47: 44.12 | K47: 9.76 | L47: 7.46 | M47: 0.47
A48: 42未风化点1 | B48: 51.26 | C48: 5.74 | D48: 0.15 | E48: 0.79 | F48: 1.09 | G48: 3.53 | I48: 2.67 | J48: 21.88 | K48: 10.47 | L48: 0.08 | M48: 0.35
A49: 42未风化点2 | B49: 51.33 | C49: 5.68 | D49: 0.35 | F49: 1.16 | G49: 5.66 | I49: 2.72 | J49: 20.12 | K49: 10.88
A50: 43部位1 | B50: 12.41 | E50: 5.24 | F50: 0.89 | G50: 2.25 | H50: 0.76 | I50: 5.35 | J50: 59.85 | K50: 7.29 | M50: 0.64
A51: 43部位2 | B51: 21.7 | E51: 6.4 | F51: 0.95 | G51: 3.41 | H51: 1.39 | I51: 1.51 | J51: 44.75 | K51: 3.26 | L51: 12.83 | M51: 0.47
A52: 44未风化点 | B52: 60.74 | C52: 3.06 | D52: 0.2 | E52: 2.14 | G52: 12.69 | H52: 0.77 | I52: 0.43 | J52: 13.61 | K52: 5.22 | M52: 0.26
A53: 45 | B53: 61.28 | C53: 2.66 | D53: 0.11 | E53: 0.84 | F53: 0.74 | G53: 5 | I53: 0.53 | J53: 15.99 | K53: 10.96 | M53: 0.23
A54: 46 | B54: 55.21 | D54: 0.25 | F54: 1.67 | G54: 4.79 | I54: 0.77 | J54: 25.25 | K54: 10.06 | L54: 0.2 | M54: 0.43
A55: 47 | B55: 51.54 | C55: 4.66 | D55: 0.29 | E55: 0.87 | F55: 0.61 | G55: 3.06 | I55: 0.65 | J55: 25.4 | K55: 9.23 | L55: 0.1 | M55: 0.85
A56: 48 | B56: 53.33 | C56: 0.8 | D56: 0.32 | E56: 2.82 | F56: 1.54 | G56: 13.65 | H56: 1.03 | J56: 15.71 | K56: 7.31 | L56: 1.1 | M56: 0.25 | N56: 1.31
A57: 49 | B57: 28.79 | E57: 4.58 | F57: 1.47 | G57: 5.38 | H57: 2.74 | I57: 0.7 | J57: 34.18 | K57: 6.1 | L57: 11.1 | M57: 0.46
A58: 49未风化点 | B58: 54.61 | D58: 0.3 | E58: 2.08 | F58: 1.2 | G58: 6.5 | H58: 1.27 | I58: 0.45 | J58: 23.02 | K58: 4.19 | L58: 4.32 | M58: 0.3
A59: 50 | B59: 17.98 | E59: 3.19 | F59: 0.47 | G59: 1.87 | H59: 0.33 | I59: 1.13 | J59: 44 | K59: 14.2 | L59: 6.34 | M59: 0.66
A60: 50未风化点 | B60: 45.02 | E60: 3.12 | F60: 0.54 | G60: 4.16 | I60: 0.7 | J60: 30.61 | K60: 6.22 | L60: 6.34 | M60: 0.23
A61: 51部位1 | B61: 24.61 | E61: 3.58 | F61: 1.19 | G61: 5.25 | H61: 1.19 | I61: 1.37 | J61: 40.24 | K61: 8.94 | L61: 8.1 | M61: 0.39 | N61: 0.47
A62: 51部位2 | B62: 21.35 | E62: 5.13 | F62: 1.45 | G62: 2.51 | H62: 0.42 | I62: 0.75 | J62: 51.34 | L62: 8.75
A63: 52 | B63: 25.74 | C63: 1.22 | E63: 2.27 | F63: 0.55 | G63: 1.16 | H63: 0.23 | I63: 0.7 | J63: 47.42 | K63: 8.64 | L63: 5.71 | M63: 0.44
A64: 53未风化点 | B64: 63.66 | C64: 3.04 | D64: 0.11 | E64: 0.78 | F64: 1.14 | G64: 6.06 | I64: 0.54 | J64: 13.66 | K64: 8.99 | M64: 0.27
A65: 54 | B65: 22.28 | D65: 0.32 | E65: 3.19 | F65: 1.28 | G65: 4.15 | I65: 0.83 | J65: 55.46 | K65: 7.04 | L65: 4.24 | M65: 0.88
A66: 54严重风化点 | B66: 17.11 | F66: 1.11 | G66: 3.65 | I66: 1.34 | J66: 58.46 | L66: 14.13 | M66: 1.12
A67: 55 | B67: 49.01 | C67: 2.71 | E67: 1.13 | G67: 1.45 | I67: 0.86 | J67: 32.92 | K67: 7.95 | L67: 0.35
A68: 56 | B68: 29.15 | E68: 1.21 | G68: 1.85 | I68: 0.79 | J68: 41.25 | K68: 15.45 | L68: 2.54
A69: 57 | B69: 25.42 | E69: 1.31 | G69: 2.18 | I69: 1.16 | J69: 45.1 | K69: 17.3
A70: 58 | B70: 30.39 | D70: 0.34 | E70: 3.49 | F70: 0.79 | G70: 3.52 | H70: 0.86 | I70: 3.13 | J70: 39.35 | K70: 7.66 | L70: 8.99 | M70: 0.24

Sheet 表单3
A1: 文物编号 | B1: 表面风化 | C1: 二氧化硅(SiO2) | D1: 氧化钠(Na2O) | E1: 氧化钾(K2O) | F1: 氧化钙(CaO) | G1: 氧化镁(MgO) | H1: 氧化铝(Al2O3) | I1: 氧化铁(Fe2O3) | J1: 氧化铜(CuO) | K1: 氧化铅(PbO) | L1: 氧化钡(BaO) | M1: 五氧化二磷(P2O5) | N1: 氧化锶(SrO) | O1: 氧化锡(SnO2) | P1: 二氧化硫(SO2)
A2: A1 | B2: 无风化 | C2: 78.45 | F2: 6.08 | G2: 1.86 | H2: 7.23 | I2: 2.15 | J2: 2.11 | M2: 1.06 | N2: 0.03 | P2: 0.51
A3: A2 | B3: 风化 | C3: 37.75 | F3: 7.63 | H3: 2.33 | K3: 34.3 | M3: 14.27
A4: A3 | B4: 无风化 | C4: 31.95 | E4: 1.36 | F4: 7.19 | G4: 0.81 | H4: 2.93 | I4: 7.06 | J4: 0.21 | K4: 39.58 | L4: 4.69 | M4: 2.68 | N4: 0.52
A5: A4 | B5: 无风化 | C5: 35.47 | E5: 0.79 | F5: 2.89 | G5: 1.05 | H5: 7.07 | I5: 6.45 | J5: 0.96 | K5: 24.28 | L5: 8.31 | M5: 8.45 | N5: 0.28
A6: A5 | B6: 风化 | C6: 64.29 | D6: 1.2 | E6: 0.37 | F6: 1.64 | G6: 2.34 | H6: 12.75 | I6: 0.81 | J6: 0.94 | K6: 12.23 | L6: 2.16 | M6: 0.19 | N6: 0.21 | O6: 0.49
A7: A6 | B7: 风化 | C7: 93.17 | E7: 1.35 | F7: 0.64 | G7: 0.21 | H7: 1.52 | I7: 0.27 | J7: 1.73 | M7: 0.21
A8: A7 | B8: 风化 | C8: 90.83 | E8: 0.98 | F8: 1.12 | H8: 5.06 | I8: 0.24 | J8: 1.17 | M8: 0.13 | P8: 0.11
A9: A8 | B9: 无风化 | C9: 51.12 | D9: 0 | E9: 0.23 | F9: 0.89 | G9: 0 | H9: 2.12 | I9: 0 | J9: 9.01 | K9: 21.24 | L9: 11.34 | M9: 1.46 | N9: 0.31 | O9: 0 | P9: 2.26

Sheet 表单1_清洗
A1: 文物编号 | B1: 纹饰 | C1: 类型 | D1: 颜色 | E1: 表面风化 | F1: 清洗颜色 | G1: 风化编码 | H1: 颜色缺失 | I1: 数据检查
A2: 01 | B2: C | C2: 高钾 | D2: 蓝绿 | E2: 无风化 | F2: =IF(D2="","未知",D2) -> 蓝绿 | G2: =IF(E2="风化",1,IF(E2="无风化",0,"检查")) -> 0 | H2: =IF(D2="",1,0) -> 0 | I2: =IF(AND(A2<>"",OR(B2="A",B2="B",B2="C"),OR(C2="高钾",C2="铅钡"),OR(E2="风化",E2="无风化"),COUNTIF($A$2:$A$59,A2)=1),"通过","检查") -> 通过
A3: 02 | B3: A | C3: 铅钡 | D3: 浅蓝 | E3: 风化 | F3: =IF(D3="","未知",D3) -> 浅蓝 | G3: =IF(E3="风化",1,IF(E3="无风化",0,"检查")) -> 1 | H3: =IF(D3="",1,0) -> 0 | I3: =IF(AND(A3<>"",OR(B3="A",B3="B",B3="C"),OR(C3="高钾",C3="铅钡"),OR(E3="风化",E3="无风化"),COUNTIF($A$2:$A$59,A3)=1),"通过","检查") -> 通过
A4: 03 | B4: A | C4: 高钾 | D4: 蓝绿 | E4: 无风化 | F4: =IF(D4="","未知",D4) -> 蓝绿 | G4: =IF(E4="风化",1,IF(E4="无风化",0,"检查")) -> 0 | H4: =IF(D4="",1,0) -> 0 | I4: =IF(AND(A4<>"",OR(B4="A",B4="B",B4="C"),OR(C4="高钾",C4="铅钡"),OR(E4="风化",E4="无风化"),COUNTIF($A$2:$A$59,A4)=1),"通过","检查") -> 通过
A5: 04 | B5: A | C5: 高钾 | D5: 蓝绿 | E5: 无风化 | F5: =IF(D5="","未知",D5) -> 蓝绿 | G5: =IF(E5="风化",1,IF(E5="无风化",0,"检查")) -> 0 | H5: =IF(D5="",1,0) -> 0 | I5: =IF(AND(A5<>"",OR(B5="A",B5="B",B5="C"),OR(C5="高钾",C5="铅钡"),OR(E5="风化",E5="无风化"),COUNTIF($A$2:$A$59,A5)=1),"通过","检查") -> 通过
A6: 05 | B6: A | C6: 高钾 | D6: 蓝绿 | E6: 无风化 | F6: =IF(D6="","未知",D6) -> 蓝绿 | G6: =IF(E6="风化",1,IF(E6="无风化",0,"检查")) -> 0 | H6: =IF(D6="",1,0) -> 0 | I6: =IF(AND(A6<>"",OR(B6="A",B6="B",B6="C"),OR(C6="高钾",C6="铅钡"),OR(E6="风化",E6="无风化"),COUNTIF($A$2:$A$59,A6)=1),"通过","检查") -> 通过
A7: 06 | B7: A | C7: 高钾 | D7: 蓝绿 | E7: 无风化 | F7: =IF(D7="","未知",D7) -> 蓝绿 | G7: =IF(E7="风化",1,IF(E7="无风化",0,"检查")) -> 0 | H7: =IF(D7="",1,0) -> 0 | I7: =IF(AND(A7<>"",OR(B7="A",B7="B",B7="C"),OR(C7="高钾",C7="铅钡"),OR(E7="风化",E7="无风化"),COUNTIF($A$2:$A$59,A7)=1),"通过","检查") -> 通过
A8: 07 | B8: B | C8: 高钾 | D8: 蓝绿 | E8: 风化 | F8: =IF(D8="","未知",D8) -> 蓝绿 | G8: =IF(E8="风化",1,IF(E8="无风化",0,"检查")) -> 1 | H8: =IF(D8="",1,0) -> 0 | I8: =IF(AND(A8<>"",OR(B8="A",B8="B",B8="C"),OR(C8="高钾",C8="铅钡"),OR(E8="风化",E8="无风化"),COUNTIF($A$2:$A$59,A8)=1),"通过","检查") -> 通过
A9: 08 | B9: C | C9: 铅钡 | D9: 紫 | E9: 风化 | F9: =IF(D9="","未知",D9) -> 紫 | G9: =IF(E9="风化",1,IF(E9="无风化",0,"检查")) -> 1 | H9: =IF(D9="",1,0) -> 0 | I9: =IF(AND(A9<>"",OR(B9="A",B9="B",B9="C"),OR(C9="高钾",C9="铅钡"),OR(E9="风化",E9="无风化"),COUNTIF($A$2:$A$59,A9)=1),"通过","检查") -> 通过
A10: 09 | B10: B | C10: 高钾 | D10: 蓝绿 | E10: 风化 | F10: =IF(D10="","未知",D10) -> 蓝绿 | G10: =IF(E10="风化",1,IF(E10="无风化",0,"检查")) -> 1 | H10: =IF(D10="",1,0) -> 0 | I10: =IF(AND(A10<>"",OR(B10="A",B10="B",B10="C"),OR(C10="高钾",C10="铅钡"),OR(E10="风化",E10="无风化"),COUNTIF($A$2:$A$59,A10)=1),"通过","检查") -> 通过
A11: 10 | B11: B | C11: 高钾 | D11: 蓝绿 | E11: 风化 | F11: =IF(D11="","未知",D11) -> 蓝绿 | G11: =IF(E11="风化",1,IF(E11="无风化",0,"检查")) -> 1 | H11: =IF(D11="",1,0) -> 0 | I11: =IF(AND(A11<>"",OR(B11="A",B11="B",B11="C"),OR(C11="高钾",C11="铅钡"),OR(E11="风化",E11="无风化"),COUNTIF($A$2:$A$59,A11)=1),"通过","检查") -> 通过
A12: 11 | B12: C | C12: 铅钡 | D12: 浅蓝 | E12: 风化 | F12: =IF(D12="","未知",D12) -> 浅蓝 | G12: =IF(E12="风化",1,IF(E12="无风化",0,"检查")) -> 1 | H12: =IF(D12="",1,0) -> 0 | I12: =IF(AND(A12<>"",OR(B12="A",B12="B",B12="C"),OR(C12="高钾",C12="铅钡"),OR(E12="风化",E12="无风化"),COUNTIF($A$2:$A$59,A12)=1),"通过","检查") -> 通过
A13: 12 | B13: B | C13: 高钾 | D13: 蓝绿 | E13: 风化 | F13: =IF(D13="","未知",D13) -> 蓝绿 | G13: =IF(E13="风化",1,IF(E13="无风化",0,"检查")) -> 1 | H13: =IF(D13="",1,0) -> 0 | I13: =IF(AND(A13<>"",OR(B13="A",B13="B",B13="C"),OR(C13="高钾",C13="铅钡"),OR(E13="风化",E13="无风化"),COUNTIF($A$2:$A$59,A13)=1),"通过","检查") -> 通过
... A19: 18 | B19: A | C19: 高钾 | D19: 深蓝 | E19: 无风化 | F19: =IF(D19="","未知",D19) -> 深蓝 | G19: =IF(E19="风化",1,IF(E19="无风化",0,"检查")) -> 0 | H19: =IF(D19="",1,0) -> 0 | I19: =IF(AND(A19<>"",OR(B19="A",B19="B",B19="C"),OR(C19="高钾",C19="铅钡"),OR(E19="风化",E19="无风化"),COUNTIF($A$2:$A$59,A19)=1),"通过","检查") -> 通过
A20: 19 | B20: A | C20: 铅钡 | E20: 风化 | F20: =IF(D20="","未知",D20) -> 未知 | G20: =IF(E20="风化",1,IF(E20="无风化",0,"检查")) -> 1 | H20: =IF(D20="",1,0) -> 1 | I20: =IF(AND(A20<>"",OR(B20="A",B20="B",B20="C"),OR(C20="高钾",C20="铅钡"),OR(E20="风化",E20="无风化"),COUNTIF($A$2:$A$59,A20)=1),"通过","检查") -> 通过
A21: 20 | B21: A | C21: 铅钡 | D21: 浅蓝 | E21: 无风化 | F21: =IF(D21="","未知",D21) -> 浅蓝 | G21: =IF(E21="风化",1,IF(E21="无风化",0,"检查")) -> 0 | H21: =IF(D21="",1,0) -> 0 | I21: =IF(AND(A21<>"",OR(B21="A",B21="B",B21="C"),OR(C21="高钾",C21="铅钡"),OR(E21="风化",E21="无风化"),COUNTIF($A$2:$A$59,A21)=1),"通过","检查") -> 通过
A22: 21 | B22: A | C22: 高钾 | D22: 蓝绿 | E22: 无风化 | F22: =IF(D22="","未知",D22) -> 蓝绿 | G22: =IF(E22="风化",1,IF(E22="无风化",0,"检查")) -> 0 | H22: =IF(D22="",1,0) -> 0 | I22: =IF(AND(A22<>"",OR(B22="A",B22="B",B22="C"),OR(C22="高钾",C22="铅钡"),OR(E22="风化",E22="无风化"),COUNTIF($A$2:$A$59,A22)=1),"通过","检查") -> 通过
A23: 22 | B23: B | C23: 高钾 | D23: 蓝绿 | E23: 风化 | F23: =IF(D23="","未知",D23) -> 蓝绿 | G23: =IF(E23="风化",1,IF(E23="无风化",0,"检查")) -> 1 | H23: =IF(D23="",1,0) -> 0 | I23: =IF(AND(A23<>"",OR(B23="A",B23="B",B23="C"),OR(C23="高钾",C23="铅钡"),OR(E23="风化",E23="无风化"),COUNTIF($A$2:$A$59,A23)=1),"通过","检查") -> 通过
A24: 23 | B24: A | C24: 铅钡 | D24: 蓝绿 | E24: 风化 | F24: =IF(D24="","未知",D24) -> 蓝绿 | G24: =IF(E24="风化",1,IF(E24="无风化",0,"检查")) -> 1 | H24: =IF(D24="",1,0) -> 0 | I24: =IF(AND(A24<>"",OR(B24="A",B24="B",B24="C"),OR(C24="高钾",C24="铅钡"),OR(E24="风化",E24="无风化"),COUNTIF($A$2:$A$59,A24)=1),"通过","检查") -> 通过
A25: 24 | B25: C | C25: 铅钡 | D25: 紫 | E25: 无风化 | F25: =IF(D25="","未知",D25) -> 紫 | G25: =IF(E25="风化",1,IF(E25="无风化",0,"检查")) -> 0 | H25: =IF(D25="",1,0) -> 0 | I25: =IF(AND(A25<>"",OR(B25="A",B25="B",B25="C"),OR(C25="高钾",C25="铅钡"),OR(E25="风化",E25="无风化"),COUNTIF($A$2:$A$59,A25)=1),"通过","检查") -> 通过
A26: 25 | B26: C | C26: 铅钡 | D26: 浅蓝 | E26: 风化 | F26: =IF(D26="","未知",D26) -> 浅蓝 | G26: =IF(E26="风化",1,IF(E26="无风化",0,"检查")) -> 1 | H26: =IF(D26="",1,0) -> 0 | I26: =IF(AND(A26<>"",OR(B26="A",B26="B",B26="C"),OR(C26="高钾",C26="铅钡"),OR(E26="风化",E26="无风化"),COUNTIF($A$2:$A$59,A26)=1),"通过","检查") -> 通过
A27: 26 | B27: C | C27: 铅钡 | D27: 紫 | E27: 风化 | F27: =IF(D27="","未知",D27) -> 紫 | G27: =IF(E27="风化",1,IF(E27="无风化",0,"检查")) -> 1 | H27: =IF(D27="",1,0) -> 0 | I27: =IF(AND(A27<>"",OR(B27="A",B27="B",B27="C"),OR(C27="高钾",C27="铅钡"),OR(E27="风化",E27="无风化"),COUNTIF($A$2:$A$59,A27)=1),"通过","检查") -> 通过
A28: 27 | B28: B | C28: 高钾 | D28: 蓝绿 | E28: 风化 | F28: =IF(D28="","未知",D28) -> 蓝绿 | G28: =IF(E28="风化",1,IF(E28="无风化",0,"检查")) -> 1 | H28: =IF(D28="",1,0) -> 0 | I28: =IF(AND(A28<>"",OR(B28="A",B28="B",B28="C"),OR(C28="高钾",C28="铅钡"),OR(E28="风化",E28="无风化"),COUNTIF($A$2:$A$59,A28)=1),"通过","检查") -> 通过
A29: 28 | B29: A | C29: 铅钡 | D29: 浅蓝 | E29: 风化 | F29: =IF(D29="","未知",D29) -> 浅蓝 | G29: =IF(E29="风化",1,IF(E29="无风化",0,"检查")) -> 1 | H29: =IF(D29="",1,0) -> 0 | I29: =IF(AND(A29<>"",OR(B29="A",B29="B",B29="C"),OR(C29="高钾",C29="铅钡"),OR(E29="风化",E29="无风化"),COUNTIF($A$2:$A$59,A29)=1),"通过","检查") -> 通过
A30: 29 | B30: A | C30: 铅钡 | D30: 浅蓝 | E30: 风化 | F30: =IF(D30="","未知",D30) -> 浅蓝 | G30: =IF(E30="风化",1,IF(E30="无风化",0,"检查")) -> 1 | H30: =IF(D30="",1,0) -> 0 | I30: =IF(AND(A30<>"",OR(B30="A",B30="B",B30="C"),OR(C30="高钾",C30="铅钡"),OR(E30="风化",E30="无风化"),COUNTIF($A$2:$A$59,A30)=1),"通过","检查") -> 通过
A31: 30 | B31: A | C31: 铅钡 | D31: 深蓝 | E31: 无风化 | F31: =IF(D31="","未知",D31) -> 深蓝 | G31: =IF(E31="风化",1,IF(E31="无风化",0,"检查")) -> 0 | H31: =IF(D31="",1,0) -> 0 | I31: =IF(AND(A31<>"",OR(B31="A",B31="B",B31="C"),OR(C31="高钾",C31="铅钡"),OR(E31="风化",E31="无风化"),COUNTIF($A$2:$A$59,A31)=1),"通过","检查") -> 通过
A32: 31 | B32: C | C32: 铅钡 | D32: 紫 | E32: 无风化 | F32: =IF(D32="","未知",D32) -> 紫 | G32: =IF(E32="风化",1,IF(E32="无风化",0,"检查")) -> 0 | H32: =IF(D32="",1,0) -> 0 | I32: =IF(AND(A32<>"",OR(B32="A",B32="B",B32="C"),OR(C32="高钾",C32="铅钡"),OR(E32="风化",E32="无风化"),COUNTIF($A$2:$A$59,A32)=1),"通过","检查") -> 通过
... A40: 39 | B40: C | C40: 铅钡 | D40: 深绿 | E40: 风化 | F40: =IF(D40="","未知",D40) -> 深绿 | G40: =IF(E40="风化",1,IF(E40="无风化",0,"检查")) -> 1 | H40: =IF(D40="",1,0) -> 0 | I40: =IF(AND(A40<>"",OR(B40="A",B40="B",B40="C"),OR(C40="高钾",C40="铅钡"),OR(E40="风化",E40="无风化"),COUNTIF($A$2:$A$59,A40)=1),"通过","检查") -> 通过
A41: 40 | B41: C | C41: 铅钡 | E41: 风化 | F41: =IF(D41="","未知",D41) -> 未知 | G41: =IF(E41="风化",1,IF(E41="无风化",0,"检查")) -> 1 | H41: =IF(D41="",1,0) -> 1 | I41: =IF(AND(A41<>"",OR(B41="A",B41="B",B41="C"),OR(C41="高钾",C41="铅钡"),OR(E41="风化",E41="无风化"),COUNTIF($A$2:$A$59,A41)=1),"通过","检查") -> 通过
A42: 41 | B42: C | C42: 铅钡 | D42: 浅绿 | E42: 风化 | F42: =IF(D42="","未知",D42) -> 浅绿 | G42: =IF(E42="风化",1,IF(E42="无风化",0,"检查")) -> 1 | H42: =IF(D42="",1,0) -> 0 | I42: =IF(AND(A42<>"",OR(B42="A",B42="B",B42="C"),OR(C42="高钾",C42="铅钡"),OR(E42="风化",E42="无风化"),COUNTIF($A$2:$A$59,A42)=1),"通过","检查") -> 通过
A43: 42 | B43: A | C43: 铅钡 | D43: 浅蓝 | E43: 风化 | F43: =IF(D43="","未知",D43) -> 浅蓝 | G43: =IF(E43="风化",1,IF(E43="无风化",0,"检查")) -> 1 | H43: =IF(D43="",1,0) -> 0 | I43: =IF(AND(A43<>"",OR(B43="A",B43="B",B43="C"),OR(C43="高钾",C43="铅钡"),OR(E43="风化",E43="无风化"),COUNTIF($A$2:$A$59,A43)=1),"通过","检查") -> 通过
A44: 43 | B44: C | C44: 铅钡 | D44: 浅蓝 | E44: 风化 | F44: =IF(D44="","未知",D44) -> 浅蓝 | G44: =IF(E44="风化",1,IF(E44="无风化",0,"检查")) -> 1 | H44: =IF(D44="",1,0) -> 0 | I44: =IF(AND(A44<>"",OR(B44="A",B44="B",B44="C"),OR(C44="高钾",C44="铅钡"),OR(E44="风化",E44="无风化"),COUNTIF($A$2:$A$59,A44)=1),"通过","检查") -> 通过
A45: 44 | B45: A | C45: 铅钡 | D45: 浅蓝 | E45: 风化 | F45: =IF(D45="","未知",D45) -> 浅蓝 | G45: =IF(E45="风化",1,IF(E45="无风化",0,"检查")) -> 1 | H45: =IF(D45="",1,0) -> 0 | I45: =IF(AND(A45<>"",OR(B45="A",B45="B",B45="C"),OR(C45="高钾",C45="铅钡"),OR(E45="风化",E45="无风化"),COUNTIF($A$2:$A$59,A45)=1),"通过","检查") -> 通过
A46: 45 | B46: A | C46: 铅钡 | D46: 浅蓝 | E46: 无风化 | F46: =IF(D46="","未知",D46) -> 浅蓝 | G46: =IF(E46="风化",1,IF(E46="无风化",0,"检查")) -> 0 | H46: =IF(D46="",1,0) -> 0 | I46: =IF(AND(A46<>"",OR(B46="A",B46="B",B46="C"),OR(C46="高钾",C46="铅钡"),OR(E46="风化",E46="无风化"),COUNTIF($A$2:$A$59,A46)=1),"通过","检查") -> 通过
A47: 46 | B47: A | C47: 铅钡 | D47: 浅蓝 | E47: 无风化 | F47: =IF(D47="","未知",D47) -> 浅蓝 | G47: =IF(E47="风化",1,IF(E47="无风化",0,"检查")) -> 0 | H47: =IF(D47="",1,0) -> 0 | I47: =IF(AND(A47<>"",OR(B47="A",B47="B",B47="C"),OR(C47="高钾",C47="铅钡"),OR(E47="风化",E47="无风化"),COUNTIF($A$2:$A$59,A47)=1),"通过","检查") -> 通过
A48: 47 | B48: A | C48: 铅钡 | D48: 浅蓝 | E48: 无风化 | F48: =IF(D48="","未知",D48) -> 浅蓝 | G48: =IF(E48="风化",1,IF(E48="无风化",0,"检查")) -> 0 | H48: =IF(D48="",1,0) -> 0 | I48: =IF(AND(A48<>"",OR(B48="A",B48="B",B48="C"),OR(C48="高钾",C48="铅钡"),OR(E48="风化",E48="无风化"),COUNTIF($A$2:$A$59,A48)=1),"通过","检查") -> 通过
A49: 48 | B49: A | C49: 铅钡 | E49: 风化 | F49: =IF(D49="","未知",D49) -> 未知 | G49: =IF(E49="风化",1,IF(E49="无风化",0,"检查")) -> 1 | H49: =IF(D49="",1,0) -> 1 | I49: =IF(AND(A49<>"",OR(B49="A",B49="B",B49="C"),OR(C49="高钾",C49="铅钡"),OR(E49="风化",E49="无风化"),COUNTIF($A$2:$A$59,A49)=1),"通过","检查") -> 通过
A50: 49 | B50: A | C50: 铅钡 | D50: 黑 | E50: 风化 | F50: =IF(D50="","未知",D50) -> 黑 | G50: =IF(E50="风化",1,IF(E50="无风化",0,"检查")) -> 1 | H50: =IF(D50="",1,0) -> 0 | I50: =IF(AND(A50<>"",OR(B50="A",B50="B",B50="C"),OR(C50="高钾",C50="铅钡"),OR(E50="风化",E50="无风化"),COUNTIF($A$2:$A$59,A50)=1),"通过","检查") -> 通过
A51: 50 | B51: A | C51: 铅钡 | D51: 黑 | E51: 风化 | F51: =IF(D51="","未知",D51) -> 黑 | G51: =IF(E51="风化",1,IF(E51="无风化",0,"检查")) -> 1 | H51: =IF(D51="",1,0) -> 0 | I51: =IF(AND(A51<>"",OR(B51="A",B51="B",B51="C"),OR(C51="高钾",C51="铅钡"),OR(E51="风化",E51="无风化"),COUNTIF($A$2:$A$59,A51)=1),"通过","检查") -> 通过
A52: 51 | B52: C | C52: 铅钡 | D52: 浅蓝 | E52: 风化 | F52: =IF(D52="","未知",D52) -> 浅蓝 | G52: =IF(E52="风化",1,IF(E52="无风化",0,"检查")) -> 1 | H52: =IF(D52="",1,0) -> 0 | I52: =IF(AND(A52<>"",OR(B52="A",B52="B",B52="C"),OR(C52="高钾",C52="铅钡"),OR(E52="风化",E52="无风化"),COUNTIF($A$2:$A$59,A52)=1),"通过","检查") -> 通过
A53: 52 | B53: C | C53: 铅钡 | D53: 浅蓝 | E53: 风化 | F53: =IF(D53="","未知",D53) -> 浅蓝 | G53: =IF(E53="风化",1,IF(E53="无风化",0,"检查")) -> 1 | H53: =IF(D53="",1,0) -> 0 | I53: =IF(AND(A53<>"",OR(B53="A",B53="B",B53="C"),OR(C53="高钾",C53="铅钡"),OR(E53="风化",E53="无风化"),COUNTIF($A$2:$A$59,A53)=1),"通过","检查") -> 通过
A54: 53 | B54: A | C54: 铅钡 | D54: 浅蓝 | E54: 风化 | F54: =IF(D54="","未知",D54) -> 浅蓝 | G54: =IF(E54="风化",1,IF(E54="无风化",0,"检查")) -> 1 | H54: =IF(D54="",1,0) -> 0 | I54: =IF(AND(A54<>"",OR(B54="A",B54="B",B54="C"),OR(C54="高钾",C54="铅钡"),OR(E54="风化",E54="无风化"),COUNTIF($A$2:$A$59,A54)=1),"通过","检查") -> 通过
A55: 54 | B55: C | C55: 铅钡 | D55: 浅蓝 | E55: 风化 | F55: =IF(D55="","未知",D55) -> 浅蓝 | G55: =IF(E55="风化",1,IF(E55="无风化",0,"检查")) -> 1 | H55: =IF(D55="",1,0) -> 0 | I55: =IF(AND(A55<>"",OR(B55="A",B55="B",B55="C"),OR(C55="高钾",C55="铅钡"),OR(E55="风化",E55="无风化"),COUNTIF($A$2:$A$59,A55)=1),"通过","检查") -> 通过
A56: 55 | B56: C | C56: 铅钡 | D56: 绿 | E56: 无风化 | F56: =IF(D56="","未知",D56) -> 绿 | G56: =IF(E56="风化",1,IF(E56="无风化",0,"检查")) -> 0 | H56: =IF(D56="",1,0) -> 0 | I56: =IF(AND(A56<>"",OR(B56="A",B56="B",B56="C"),OR(C56="高钾",C56="铅钡"),OR(E56="风化",E56="无风化"),COUNTIF($A$2:$A$59,A56)=1),"通过","检查") -> 通过
A57: 56 | B57: C | C57: 铅钡 | D57: 蓝绿 | E57: 风化 | F57: =IF(D57="","未知",D57) -> 蓝绿 | G57: =IF(E57="风化",1,IF(E57="无风化",0,"检查")) -> 1 | H57: =IF(D57="",1,0) -> 0 | I57: =IF(AND(A57<>"",OR(B57="A",B57="B",B57="C"),OR(C57="高钾",C57="铅钡"),OR(E57="风化",E57="无风化"),COUNTIF($A$2:$A$59,A57)=1),"通过","检查") -> 通过
A58: 57 | B58: C | C58: 铅钡 | D58: 蓝绿 | E58: 风化 | F58: =IF(D58="","未知",D58) -> 蓝绿 | G58: =IF(E58="风化",1,IF(E58="无风化",0,"检查")) -> 1 | H58: =IF(D58="",1,0) -> 0 | I58: =IF(AND(A58<>"",OR(B58="A",B58="B",B58="C"),OR(C58="高钾",C58="铅钡"),OR(E58="风化",E58="无风化"),COUNTIF($A$2:$A$59,A58)=1),"通过","检查") -> 通过
A59: 58 | B59: C | C59: 铅钡 | E59: 风化 | F59: =IF(D59="","未知",D59) -> 未知 | G59: =IF(E59="风化",1,IF(E59="无风化",0,"检查")) -> 1 | H59: =IF(D59="",1,0) -> 1 | I59: =IF(AND(A59<>"",OR(B59="A",B59="B",B59="C"),OR(C59="高钾",C59="铅钡"),OR(E59="风化",E59="无风化"),COUNTIF($A$2:$A$59,A59)=1),"通过","检查") -> 通过

Sheet 表单2_清洗
A1: 文物采样点 | B1: 二氧化硅(SiO2) | C1: 氧化钠(Na2O) | D1: 氧化钾(K2O) | E1: 氧化钙(CaO) | F1: 氧化镁(MgO) | G1: 氧化铝(Al2O3) | H1: 氧化铁(Fe2O3) | I1: 氧化铜(CuO) | J1: 氧化铅(PbO) | K1: 氧化钡(BaO) | L1: 五氧化二磷(P2O5) | M1: 氧化锶(SrO) | N1: 氧化锡(SnO2) | O1: 二氧化硫(SO2) | P1: 文物编号 | Q1: 采样点类型 | R1: 玻璃类型 | S1: 文物整体风化 | T1: 采样点实际风化 | U1: 原始成分总和 | V1: 数据有效性 | W1: 未检出成分数 | X1: 二氧化硅(SiO2)_归一化 | Y1: 氧化钠(Na2O)_归一化 | Z1: 氧化钾(K2O)_归一化 | AA1: 氧化钙(CaO)_归一化 | AB1: 氧化镁(MgO)_归一化 | AC1: 氧化铝(Al2O3)_归一化 | AD1: 氧化铁(Fe2O3)_归一化 | AE1: 氧化铜(CuO)_归一化 | AF1: 氧化铅(PbO)_归一化 | AG1: 氧化钡(BaO)_归一化 | AH1: 五氧化二磷(P2O5)_归一化 | AI1: 氧化锶(SrO)_归一化 | AJ1: 氧化锡(SnO2)_归一化 | AK1: 二氧化硫(SO2)_归一化 | AL1: 归一化合计
A2: 01 | B2: 69.33 | D2: 9.99 | E2: 6.32 | F2: 0.87 | G2: 3.93 | H2: 1.74 | I2: 3.87 | L2: 1.17 | O2: 0.39 | P2: 01 | Q2: =IF(ISNUMBER(SEARCH("未风化点",A2)),"未风化点",IF(ISNUMBER(SEARCH("严重风化点",A2)),"严重风化点",IF(ISNUMBER(SEARCH("部位",A2)),"不同部位","普通采样点"))) -> 普通采样点 | R2: =VLOOKUP(P2,表单1_清洗!$A$2:$E$59,3,FALSE) -> 高钾 | S2: =VLOOKUP(P2,表单1_清洗!$A$2:$E$59,5,FALSE) -> 无风化 | T2: =IF(ISNUMBER(SEARCH("未风化点",A2)),"无风化",IF(ISNUMBER(SEARCH("严重风化点",A2)),"风化",S2)) -> 无风化 | U2: =SUM(B2:O2) -> 97.61 | V2: =IF(AND(U2>=85,U2<=105),"有效","无效") -> 有效 | W2: =COUNTBLANK(B2:O2)+COUNTIF(B2:O2,0) -> 5 | X2: =IF($V2="无效","",IF(B2="",0,B2/$U2*100)) -> 71.027559 | Y2: =IF($V2="无效","",IF(C2="",0,C2/$U2*100)) -> 0 | Z2: =IF($V2="无效","",IF(D2="",0,D2/$U2*100)) -> 10.234607 | AA2: =IF($V2="无效","",IF(E2="",0,E2/$U2*100)) -> 6.4747464 | AB2: =IF($V2="无效","",IF(F2="",0,F2/$U2*100)) -> 0.89130212 | AC2: =IF($V2="无效","",IF(G2="",0,G2/$U2*100)) -> 4.0262268 | AD2: =IF($V2="无效","",IF(H2="",0,H2/$U2*100)) -> 1.7826042 | AE2: =IF($V2="无效","",IF(I2="",0,I2/$U2*100)) -> 3.9647577 | ... AK2: =IF($V2="无效","",IF(O2="",0,O2/$U2*100)) -> 0.39954923 | AL2: =IF(V2="有效",SUM(X2:AK2),"") -> 100
A3: 02 | B3: 36.28 | D3: 1.05 | E3: 2.34 | F3: 1.18 | G3: 5.73 | H3: 1.86 | I3: 0.26 | J3: 47.43 | L3: 3.57 | M3: 0.19 | P3: 02 | Q3: =IF(ISNUMBER(SEARCH("未风化点",A3)),"未风化点",IF(ISNUMBER(SEARCH("严重风化点",A3)),"严重风化点",IF(ISNUMBER(SEARCH("部位",A3)),"不同部位","普通采样点"))) -> 普通采样点 | R3: =VLOOKUP(P3,表单1_清洗!$A$2:$E$59,3,FALSE) -> 铅钡 | S3: =VLOOKUP(P3,表单1_清洗!$A$2:$E$59,5,FALSE) -> 风化 | T3: =IF(ISNUMBER(SEARCH("未风化点",A3)),"无风化",IF(ISNUMBER(SEARCH("严重风化点",A3)),"风化",S3)) -> 风化 | U3: =SUM(B3:O3) -> 99.89 | V3: =IF(AND(U3>=85,U3<=105),"有效","无效") -> 有效 | W3: =COUNTBLANK(B3:O3)+COUNTIF(B3:O3,0) -> 4 | X3: =IF($V3="无效","",IF(B3="",0,B3/$U3*100)) -> 36.319952 | Y3: =IF($V3="无效","",IF(C3="",0,C3/$U3*100)) -> 0 | Z3: =IF($V3="无效","",IF(D3="",0,D3/$U3*100)) -> 1.0511563 | AA3: =IF($V3="无效","",IF(E3="",0,E3/$U3*100)) -> 2.3425768 | AB3: =IF($V3="无效","",IF(F3="",0,F3/$U3*100)) -> 1.1812994 | AC3: =IF($V3="无效","",IF(G3="",0,G3/$U3*100)) -> 5.7363099 | AD3: =IF($V3="无效","",IF(H3="",0,H3/$U3*100)) -> 1.8620483 | AE3: =IF($V3="无效","",IF(I3="",0,I3/$U3*100)) -> 0.26028631 | ... AK3: =IF($V3="无效","",IF(O3="",0,O3/$U3*100)) -> 0 | AL3: =IF(V3="有效",SUM(X3:AK3),"") -> 100
A4: 03部位1 | B4: 87.05 | D4: 5.19 | E4: 2.01 | G4: 4.06 | I4: 0.78 | J4: 0.25 | L4: 0.66 | P4: 03 | Q4: =IF(ISNUMBER(SEARCH("未风化点",A4)),"未风化点",IF(ISNUMBER(SEARCH("严重风化点",A4)),"严重风化点",IF(ISNUMBER(SEARCH("部位",A4)),"不同部位","普通采样点"))) -> 不同部位 | R4: =VLOOKUP(P4,表单1_清洗!$A$2:$E$59,3,FALSE) -> 高钾 | S4: =VLOOKUP(P4,表单1_清洗!$A$2:$E$59,5,FALSE) -> 无风化 | T4: =IF(ISNUMBER(SEARCH("未风化点",A4)),"无风化",IF(ISNUMBER(SEARCH("严重风化点",A4)),"风化",S4)) -> 无风化 | U4: =SUM(B4:O4) -> 100 | V4: =IF(AND(U4>=85,U4<=105),"有效","无效") -> 有效 | W4: =COUNTBLANK(B4:O4)+COUNTIF(B4:O4,0) -> 7 | X4: =IF($V4="无效","",IF(B4="",0,B4/$U4*100)) -> 87.05 | Y4: =IF($V4="无效","",IF(C4="",0,C4/$U4*100)) -> 0 | Z4: =IF($V4="无效","",IF(D4="",0,D4/$U4*100)) -> 5.19 | AA4: =IF($V4="无效","",IF(E4="",0,E4/$U4*100)) -> 2.01 | AB4: =IF($V4="无效","",IF(F4="",0,F4/$U4*100)) -> 0 | AC4: =IF($V4="无效","",IF(G4="",0,G4/$U4*100)) -> 4.06 | AD4: =IF($V4="无效","",IF(H4="",0,H4/$U4*100)) -> 0 | AE4: =IF($V4="无效","",IF(I4="",0,I4/$U4*100)) -> 0.78 | ... AK4: =IF($V4="无效","",IF(O4="",0,O4/$U4*100)) -> 0 | AL4: =IF(V4="有效",SUM(X4:AK4),"") -> 100
A5: 03部位2 | B5: 61.71 | D5: 12.37 | E5: 5.87 | F5: 1.11 | G5: 5.5 | H5: 2.16 | I5: 5.09 | J5: 1.41 | K5: 2.86 | L5: 0.7 | M5: 0.1 | P5: 03 | Q5: =IF(ISNUMBER(SEARCH("未风化点",A5)),"未风化点",IF(ISNUMBER(SEARCH("严重风化点",A5)),"严重风化点",IF(ISNUMBER(SEARCH("部位",A5)),"不同部位","普通采样点"))) -> 不同部位 | R5: =VLOOKUP(P5,表单1_清洗!$A$2:$E$59,3,FALSE) -> 高钾 | S5: =VLOOKUP(P5,表单1_清洗!$A$2:$E$59,5,FALSE) -> 无风化 | T5: =IF(ISNUMBER(SEARCH("未风化点",A5)),"无风化",IF(ISNUMBER(SEARCH("严重风化点",A5)),"风化",S5)) -> 无风化 | U5: =SUM(B5:O5) -> 98.88 | V5: =IF(AND(U5>=85,U5<=105),"有效","无效") -> 有效 | W5: =COUNTBLANK(B5:O5)+COUNTIF(B5:O5,0) -> 3 | X5: =IF($V5="无效","",IF(B5="",0,B5/$U5*100)) -> 62.408981 | Y5: =IF($V5="无效","",IF(C5="",0,C5/$U5*100)) -> 0 | Z5: =IF($V5="无效","",IF(D5="",0,D5/$U5*100)) -> 12.510113 | AA5: =IF($V5="无效","",IF(E5="",0,E5/$U5*100)) -> 5.9364887 | AB5: =IF($V5="无效","",IF(F5="",0,F5/$U5*100)) -> 1.1225728 | AC5: =IF($V5="无效","",IF(G5="",0,G5/$U5*100)) -> 5.5622977 | AD5: =IF($V5="无效","",IF(H5="",0,H5/$U5*100)) -> 2.184466 | AE5: =IF($V5="无效","",IF(I5="",0,I5/$U5*100)) -> 5.1476537 | ... AK5: =IF($V5="无效","",IF(O5="",0,O5/$U5*100)) -> 0 | AL5: =IF(V5="有效",SUM(X5:AK5),"") -> 100
A6: 04 | B6: 65.88 | D6: 9.67 | E6: 7.12 | F6: 1.56 | G6: 6.44 | H6: 2.06 | I6: 2.18 | L6: 0.79 | O6: 0.36 | P6: 04 | Q6: =IF(ISNUMBER(SEARCH("未风化点",A6)),"未风化点",IF(ISNUMBER(SEARCH("严重风化点",A6)),"严重风化点",IF(ISNUMBER(SEARCH("部位",A6)),"不同部位","普通采样点"))) -> 普通采样点 | R6: =VLOOKUP(P6,表单1_清洗!$A$2:$E$59,3,FALSE) -> 高钾 | S6: =VLOOKUP(P6,表单1_清洗!$A$2:$E$59,5,FALSE) -> 无风化 | T6: =IF(ISNUMBER(SEARCH("未风化点",A6)),"无风化",IF(ISNUMBER(SEARCH("严重风化点",A6)),"风化",S6)) -> 无风化 | U6: =SUM(B6:O6) -> 96.06 | V6: =IF(AND(U6>=85,U6<=105),"有效","无效") -> 有效 | W6: =COUNTBLANK(B6:O6)+COUNTIF(B6:O6,0) -> 5 | X6: =IF($V6="无效","",IF(B6="",0,B6/$U6*100)) -> 68.582136 | Y6: =IF($V6="无效","",IF(C6="",0,C6/$U6*100)) -> 0 | Z6: =IF($V6="无效","",IF(D6="",0,D6/$U6*100)) -> 10.066625 | AA6: =IF($V6="无效","",IF(E6="",0,E6/$U6*100)) -> 7.4120341 | AB6: =IF($V6="无效","",IF(F6="",0,F6/$U6*100)) -> 1.623985 | AC6: =IF($V6="无效","",IF(G6="",0,G6/$U6*100)) -> 6.7041432 | AD6: =IF($V6="无效","",IF(H6="",0,H6/$U6*100)) -> 2.144493 | AE6: =IF($V6="无效","",IF(I6="",0,I6/$U6*100)) -> 2.2694149 | ... AK6: =IF($V6="无效","",IF(O6="",0,O6/$U6*100)) -> 0.37476577 | AL6: =IF(V6="有效",SUM(X6:AK6),"") -> 100
A7: 05 | B7: 61.58 | D7: 10.95 | E7: 7.35 | F7: 1.77 | G7: 7.5 | H7: 2.62 | I7: 3.27 | L7: 0.94 | M7: 0.06 | O7: 0.47 | P7: 05 | Q7: =IF(ISNUMBER(SEARCH("未风化点",A7)),"未风化点",IF(ISNUMBER(SEARCH("严重风化点",A7)),"严重风化点",IF(ISNUMBER(SEARCH("部位",A7)),"不同部位","普通采样点"))) -> 普通采样点 | R7: =VLOOKUP(P7,表单1_清洗!$A$2:$E$59,3,FALSE) -> 高钾 | S7: =VLOOKUP(P7,表单1_清洗!$A$2:$E$59,5,FALSE) -> 无风化 | T7: =IF(ISNUMBER(SEARCH("未风化点",A7)),"无风化",IF(ISNUMBER(SEARCH("严重风化点",A7)),"风化",S7)) -> 无风化 | U7: =SUM(B7:O7) -> 96.51 | V7: =IF(AND(U7>=85,U7<=105),"有效","无效") -> 有效 | W7: =COUNTBLANK(B7:O7)+COUNTIF(B7:O7,0) -> 4 | X7: =IF($V7="无效","",IF(B7="",0,B7/$U7*100)) -> 63.806859 | Y7: =IF($V7="无效","",IF(C7="",0,C7/$U7*100)) -> 0 | Z7: =IF($V7="无效","",IF(D7="",0,D7/$U7*100)) -> 11.345975 | AA7: =IF($V7="无效","",IF(E7="",0,E7/$U7*100)) -> 7.6157911 | AB7: =IF($V7="无效","",IF(F7="",0,F7/$U7*100)) -> 1.8340068 | AC7: =IF($V7="无效","",IF(G7="",0,G7/$U7*100)) -> 7.7712154 | AD7: =IF($V7="无效","",IF(H7="",0,H7/$U7*100)) -> 2.7147446 | AE7: =IF($V7="无效","",IF(I7="",0,I7/$U7*100)) -> 3.3882499 | ... AK7: =IF($V7="无效","",IF(O7="",0,O7/$U7*100)) -> 0.48699617 | AL7: =IF(V7="有效",SUM(X7:AK7),"") -> 100
A8: 06部位1 | B8: 67.65 | D8: 7.37 | F8: 1.98 | G8: 11.15 | H8: 2.39 | I8: 2.51 | J8: 0.2 | K8: 1.38 | L8: 4.18 | M8: 0.11 | P8: 06 | Q8: =IF(ISNUMBER(SEARCH("未风化点",A8)),"未风化点",IF(ISNUMBER(SEARCH("严重风化点",A8)),"严重风化点",IF(ISNUMBER(SEARCH("部位",A8)),"不同部位","普通采样点"))) -> 不同部位 | R8: =VLOOKUP(P8,表单1_清洗!$A$2:$E$59,3,FALSE) -> 高钾 | S8: =VLOOKUP(P8,表单1_清洗!$A$2:$E$59,5,FALSE) -> 无风化 | T8: =IF(ISNUMBER(SEARCH("未风化点",A8)),"无风化",IF(ISNUMBER(SEARCH("严重风化点",A8)),"风化",S8)) -> 无风化 | U8: =SUM(B8:O8) -> 98.92 | V8: =IF(AND(U8>=85,U8<=105),"有效","无效") -> 有效 | W8: =COUNTBLANK(B8:O8)+COUNTIF(B8:O8,0) -> 4 | X8: =IF($V8="无效","",IF(B8="",0,B8/$U8*100)) -> 68.388597 | Y8: =IF($V8="无效","",IF(C8="",0,C8/$U8*100)) -> 0 | Z8: =IF($V8="无效","",IF(D8="",0,D8/$U8*100)) -> 7.450465 | AA8: =IF($V8="无效","",IF(E8="",0,E8/$U8*100)) -> 0 | AB8: =IF($V8="无效","",IF(F8="",0,F8/$U8*100)) -> 2.0016175 | AC8: =IF($V8="无效","",IF(G8="",0,G8/$U8*100)) -> 11.271735 | AD8: =IF($V8="无效","",IF(H8="",0,H8/$U8*100)) -> 2.4160938 | AE8: =IF($V8="无效","",IF(I8="",0,I8/$U8*100)) -> 2.537404 | ... AK8: =IF($V8="无效","",IF(O8="",0,O8/$U8*100)) -> 0 | AL8: =IF(V8="有效",SUM(X8:AK8),"") -> 100
A9: 06部位2 | B9: 59.81 | D9: 7.68 | E9: 5.41 | F9: 1.73 | G9: 10.05 | H9: 6.04 | I9: 2.18 | J9: 0.35 | K9: 0.97 | L9: 4.5 | M9: 0.12 | P9: 06 | Q9: =IF(ISNUMBER(SEARCH("未风化点",A9)),"未风化点",IF(ISNUMBER(SEARCH("严重风化点",A9)),"严重风化点",IF(ISNUMBER(SEARCH("部位",A9)),"不同部位","普通采样点"))) -> 不同部位 | R9: =VLOOKUP(P9,表单1_清洗!$A$2:$E$59,3,FALSE) -> 高钾 | S9: =VLOOKUP(P9,表单1_清洗!$A$2:$E$59,5,FALSE) -> 无风化 | T9: =IF(ISNUMBER(SEARCH("未风化点",A9)),"无风化",IF(ISNUMBER(SEARCH("严重风化点",A9)),"风化",S9)) -> 无风化 | U9: =SUM(B9:O9) -> 98.84 | V9: =IF(AND(U9>=85,U9<=105),"有效","无效") -> 有效 | W9: =COUNTBLANK(B9:O9)+COUNTIF(B9:O9,0) -> 3 | X9: =IF($V9="无效","",IF(B9="",0,B9/$U9*100)) -> 60.511938 | Y9: =IF($V9="无效","",IF(C9="",0,C9/$U9*100)) -> 0 | Z9: =IF($V9="无效","",IF(D9="",0,D9/$U9*100)) -> 7.7701335 | AA9: =IF($V9="无效","",IF(E9="",0,E9/$U9*100)) -> 5.4734925 | AB9: =IF($V9="无效","",IF(F9="",0,F9/$U9*100)) -> 1.7503035 | AC9: =IF($V9="无效","",IF(G9="",0,G9/$U9*100)) -> 10.167948 | AD9: =IF($V9="无效","",IF(H9="",0,H9/$U9*100)) -> 6.1108863 | AE9: =IF($V9="无效","",IF(I9="",0,I9/$U9*100)) -> 2.2055848 | ... AK9: =IF($V9="无效","",IF(O9="",0,O9/$U9*100)) -> 0 | AL9: =IF(V9="有效",SUM(X9:AK9),"") -> 100
A10: 07 | B10: 92.63 | E10: 1.07 | G10: 1.98 | H10: 0.17 | I10: 3.24 | L10: 0.61 | P10: 07 | Q10: =IF(ISNUMBER(SEARCH("未风化点",A10)),"未风化点",IF(ISNUMBER(SEARCH("严重风化点",A10)),"严重风化点",IF(ISNUMBER(SEARCH("部位",A10)),"不同部位","普通采样点"))) -> 普通采样点 | R10: =VLOOKUP(P10,表单1_清洗!$A$2:$E$59,3,FALSE) -> 高钾 | S10: =VLOOKUP(P10,表单1_清洗!$A$2:$E$59,5,FALSE) -> 风化 | T10: =IF(ISNUMBER(SEARCH("未风化点",A10)),"无风化",IF(ISNUMBER(SEARCH("严重风化点",A10)),"风化",S10)) -> 风化 | U10: =SUM(B10:O10) -> 99.7 | V10: =IF(AND(U10>=85,U10<=105),"有效","无效") -> 有效 | W10: =COUNTBLANK(B10:O10)+COUNTIF(B10:O10,0) -> 8 | X10: =IF($V10="无效","",IF(B10="",0,B10/$U10*100)) -> 92.908726 | Y10: =IF($V10="无效","",IF(C10="",0,C10/$U10*100)) -> 0 | Z10: =IF($V10="无效","",IF(D10="",0,D10/$U10*100)) -> 0 | AA10: =IF($V10="无效","",IF(E10="",0,E10/$U10*100)) -> 1.0732197 | AB10: =IF($V10="无效","",IF(F10="",0,F10/$U10*100)) -> 0 | AC10: =IF($V10="无效","",IF(G10="",0,G10/$U10*100)) -> 1.9859579 | AD10: =IF($V10="无效","",IF(H10="",0,H10/$U10*100)) -> 0.17051153 | AE10: =IF($V10="无效","",IF(I10="",0,I10/$U10*100)) -> 3.2497492 | ... AK10: =IF($V10="无效","",IF(O10="",0,O10/$U10*100)) -> 0 | AL10: =IF(V10="有效",SUM(X10:AK10),"") -> 100
A11: 08 | B11: 20.14 | E11: 1.48 | G11: 1.34 | I11: 10.41 | J11: 28.68 | K11: 31.23 | L11: 3.59 | M11: 0.37 | O11: 2.58 | P11: 08 | Q11: =IF(ISNUMBER(SEARCH("未风化点",A11)),"未风化点",IF(ISNUMBER(SEARCH("严重风化点",A11)),"严重风化点",IF(ISNUMBER(SEARCH("部位",A11)),"不同部位","普通采样点"))) -> 普通采样点 | R11: =VLOOKUP(P11,表单1_清洗!$A$2:$E$59,3,FALSE) -> 铅钡 | S11: =VLOOKUP(P11,表单1_清洗!$A$2:$E$59,5,FALSE) -> 风化 | T11: =IF(ISNUMBER(SEARCH("未风化点",A11)),"无风化",IF(ISNUMBER(SEARCH("严重风化点",A11)),"风化",S11)) -> 风化 | U11: =SUM(B11:O11) -> 99.82 | V11: =IF(AND(U11>=85,U11<=105),"有效","无效") -> 有效 | W11: =COUNTBLANK(B11:O11)+COUNTIF(B11:O11,0) -> 5 | X11: =IF($V11="无效","",IF(B11="",0,B11/$U11*100)) -> 20.176317 | Y11: =IF($V11="无效","",IF(C11="",0,C11/$U11*100)) -> 0 | Z11: =IF($V11="无效","",IF(D11="",0,D11/$U11*100)) -> 0 | AA11: =IF($V11="无效","",IF(E11="",0,E11/$U11*100)) -> 1.4826688 | AB11: =IF($V11="无效","",IF(F11="",0,F11/$U11*100)) -> 0 | AC11: =IF($V11="无效","",IF(G11="",0,G11/$U11*100)) -> 1.3424163 | AD11: =IF($V11="无效","",IF(H11="",0,H11/$U11*100)) -> 0 | AE11: =IF($V11="无效","",IF(I11="",0,I11/$U11*100)) -> 10.428772 | ... AK11: =IF($V11="无效","",IF(O11="",0,O11/$U11*100)) -> 2.5846524 | AL11: =IF(V11="有效",SUM(X11:AK11),"") -> 100
A12: 08严重风化点 | B12: 4.61 | E12: 3.19 | G12: 1.11 | I12: 3.14 | J12: 32.45 | K12: 30.62 | L12: 7.56 | M12: 0.53 | O12: 15.03 | P12: 08 | Q12: =IF(ISNUMBER(SEARCH("未风化点",A12)),"未风化点",IF(ISNUMBER(SEARCH("严重风化点",A12)),"严重风化点",IF(ISNUMBER(SEARCH("部位",A12)),"不同部位","普通采样点"))) -> 严重风化点 | R12: =VLOOKUP(P12,表单1_清洗!$A$2:$E$59,3,FALSE) -> 铅钡 | S12: =VLOOKUP(P12,表单1_清洗!$A$2:$E$59,5,FALSE) -> 风化 | T12: =IF(ISNUMBER(SEARCH("未风化点",A12)),"无风化",IF(ISNUMBER(SEARCH("严重风化点",A12)),"风化",S12)) -> 风化 | U12: =SUM(B12:O12) -> 98.24 | V12: =IF(AND(U12>=85,U12<=105),"有效","无效") -> 有效 | W12: =COUNTBLANK(B12:O12)+COUNTIF(B12:O12,0) -> 5 | X12: =IF($V12="无效","",IF(B12="",0,B12/$U12*100)) -> 4.6925896 | Y12: =IF($V12="无效","",IF(C12="",0,C12/$U12*100)) -> 0 | Z12: =IF($V12="无效","",IF(D12="",0,D12/$U12*100)) -> 0 | AA12: =IF($V12="无效","",IF(E12="",0,E12/$U12*100)) -> 3.2471498 | AB12: =IF($V12="无效","",IF(F12="",0,F12/$U12*100)) -> 0 | AC12: =IF($V12="无效","",IF(G12="",0,G12/$U12*100)) -> 1.129886 | AD12: =IF($V12="无效","",IF(H12="",0,H12/$U12*100)) -> 0 | AE12: =IF($V12="无效","",IF(I12="",0,I12/$U12*100)) -> 3.1962541 | ... AK12: =IF($V12="无效","",IF(O12="",0,O12/$U12*100)) -> 15.299267 | AL12: =IF(V12="有效",SUM(X12:AK12),"") -> 100
A13: 09 | B13: 95.02 | D13: 0.59 | E13: 0.62 | G13: 1.32 | H13: 0.32 | I13: 1.55 | L13: 0.35 | P13: 09 | Q13: =IF(ISNUMBER(SEARCH("未风化点",A13)),"未风化点",IF(ISNUMBER(SEARCH("严重风化点",A13)),"严重风化点",IF(ISNUMBER(SEARCH("部位",A13)),"不同部位","普通采样点"))) -> 普通采样点 | R13: =VLOOKUP(P13,表单1_清洗!$A$2:$E$59,3,FALSE) -> 高钾 | S13: =VLOOKUP(P13,表单1_清洗!$A$2:$E$59,5,FALSE) -> 风化 | T13: =IF(ISNUMBER(SEARCH("未风化点",A13)),"无风化",IF(ISNUMBER(SEARCH("严重风化点",A13)),"风化",S13)) -> 风化 | U13: =SUM(B13:O13) -> 99.77 | V13: =IF(AND(U13>=85,U13<=105),"有效","无效") -> 有效 | W13: =COUNTBLANK(B13:O13)+COUNTIF(B13:O13,0) -> 7 | X13: =IF($V13="无效","",IF(B13="",0,B13/$U13*100)) -> 95.23905 | Y13: =IF($V13="无效","",IF(C13="",0,C13/$U13*100)) -> 0 | Z13: =IF($V13="无效","",IF(D13="",0,D13/$U13*100)) -> 0.59136013 | AA13: =IF($V13="无效","",IF(E13="",0,E13/$U13*100)) -> 0.62142929 | AB13: =IF($V13="无效","",IF(F13="",0,F13/$U13*100)) -> 0 | AC13: =IF($V13="无效","",IF(G13="",0,G13/$U13*100)) -> 1.323043 | AD13: =IF($V13="无效","",IF(H13="",0,H13/$U13*100)) -> 0.3207377 | AE13: =IF($V13="无效","",IF(I13="",0,I13/$U13*100)) -> 1.5535732 | ... AK13: =IF($V13="无效","",IF(O13="",0,O13/$U13*100)) -> 0 | AL13: =IF(V13="有效",SUM(X13:AK13),"") -> 100
A14: 10 | B14: 96.77 | D14: 0.92 | E14: 0.21 | G14: 0.81 | H14: 0.26 | I14: 0.84 | P14: 10 | Q14: =IF(ISNUMBER(SEARCH("未风化点",A14)),"未风化点",IF(ISNUMBER(SEARCH("严重风化点",A14)),"严重风化点",IF(ISNUMBER(SEARCH("部位",A14)),"不同部位","普通采样点"))) -> 普通采样点 | R14: =VLOOKUP(P14,表单1_清洗!$A$2:$E$59,3,FALSE) -> 高钾 | S14: =VLOOKUP(P14,表单1_清洗!$A$2:$E$59,5,FALSE) -> 风化 | T14: =IF(ISNUMBER(SEARCH("未风化点",A14)),"无风化",IF(ISNUMBER(SEARCH("严重风化点",A14)),"风化",S14)) -> 风化 | U14: =SUM(B14:O14) -> 99.81 | V14: =IF(AND(U14>=85,U14<=105),"有效","无效") -> 有效 | W14: =COUNTBLANK(B14:O14)+COUNTIF(B14:O14,0) -> 8 | X14: =IF($V14="无效","",IF(B14="",0,B14/$U14*100)) -> 96.954213 | Y14: =IF($V14="无效","",IF(C14="",0,C14/$U14*100)) -> 0 | Z14: =IF($V14="无效","",IF(D14="",0,D14/$U14*100)) -> 0.92175133 | AA14: =IF($V14="无效","",IF(E14="",0,E14/$U14*100)) -> 0.21039976 | AB14: =IF($V14="无效","",IF(F14="",0,F14/$U14*100)) -> 0 | AC14: =IF($V14="无效","",IF(G14="",0,G14/$U14*100)) -> 0.81154193 | AD14: =IF($V14="无效","",IF(H14="",0,H14/$U14*100)) -> 0.26049494 | AE14: =IF($V14="无效","",IF(I14="",0,I14/$U14*100)) -> 0.84159904 | ... AK14: =IF($V14="无效","",IF(O14="",0,O14/$U14*100)) -> 0 | AL14: =IF(V14="有效",SUM(X14:AK14),"") -> 100
A15: 11 | B15: 33.59 | D15: 0.21 | E15: 3.51 | F15: 0.71 | G15: 2.69 | I15: 4.93 | J15: 25.39 | K15: 14.61 | L15: 9.38 | M15: 0.37 | P15: 11 | Q15: =IF(ISNUMBER(SEARCH("未风化点",A15)),"未风化点",IF(ISNUMBER(SEARCH("严重风化点",A15)),"严重风化点",IF(ISNUMBER(SEARCH("部位",A15)),"不同部位","普通采样点"))) -> 普通采样点 | R15: =VLOOKUP(P15,表单1_清洗!$A$2:$E$59,3,FALSE) -> 铅钡 | S15: =VLOOKUP(P15,表单1_清洗!$A$2:$E$59,5,FALSE) -> 风化 | T15: =IF(ISNUMBER(SEARCH("未风化点",A15)),"无风化",IF(ISNUMBER(SEARCH("严重风化点",A15)),"风化",S15)) -> 风化 | U15: =SUM(B15:O15) -> 95.39 | V15: =IF(AND(U15>=85,U15<=105),"有效","无效") -> 有效 | W15: =COUNTBLANK(B15:O15)+COUNTIF(B15:O15,0) -> 4 | X15: =IF($V15="无效","",IF(B15="",0,B15/$U15*100)) -> 35.213335 | Y15: =IF($V15="无效","",IF(C15="",0,C15/$U15*100)) -> 0 | Z15: =IF($V15="无效","",IF(D15="",0,D15/$U15*100)) -> 0.22014886 | AA15: =IF($V15="无效","",IF(E15="",0,E15/$U15*100)) -> 3.679631 | AB15: =IF($V15="无效","",IF(F15="",0,F15/$U15*100)) -> 0.74431282 | AC15: =IF($V15="无效","",IF(G15="",0,G15/$U15*100)) -> 2.8200021 | AD15: =IF($V15="无效","",IF(H15="",0,H15/$U15*100)) -> 0 | AE15: =IF($V15="无效","",IF(I15="",0,I15/$U15*100)) -> 5.1682566 | ... AK15: =IF($V15="无效","",IF(O15="",0,O15/$U15*100)) -> 0 | AL15: =IF(V15="有效",SUM(X15:AK15),"") -> 100
A16: 12 | B16: 94.29 | D16: 1.01 | E16: 0.72 | G16: 1.46 | H16: 0.29 | I16: 1.65 | L16: 0.15 | P16: 12 | Q16: =IF(ISNUMBER(SEARCH("未风化点",A16)),"未风化点",IF(ISNUMBER(SEARCH("严重风化点",A16)),"严重风化点",IF(ISNUMBER(SEARCH("部位",A16)),"不同部位","普通采样点"))) -> 普通采样点 | R16: =VLOOKUP(P16,表单1_清洗!$A$2:$E$59,3,FALSE) -> 高钾 | S16: =VLOOKUP(P16,表单1_清洗!$A$2:$E$59,5,FALSE) -> 风化 | T16: =IF(ISNUMBER(SEARCH("未风化点",A16)),"无风化",IF(ISNUMBER(SEARCH("严重风化点",A16)),"风化",S16)) -> 风化 | U16: =SUM(B16:O16) -> 99.57 | V16: =IF(AND(U16>=85,U16<=105),"有效","无效") -> 有效 | W16: =COUNTBLANK(B16:O16)+COUNTIF(B16:O16,0) -> 7 | X16: =IF($V16="无效","",IF(B16="",0,B16/$U16*100)) -> 94.697198 | Y16: =IF($V16="无效","",IF(C16="",0,C16/$U16*100)) -> 0 | Z16: =IF($V16="无效","",IF(D16="",0,D16/$U16*100)) -> 1.0143618 | AA16: =IF($V16="无效","",IF(E16="",0,E16/$U16*100)) -> 0.72310937 | AB16: =IF($V16="无效","",IF(F16="",0,F16/$U16*100)) -> 0 | AC16: =IF($V16="无效","",IF(G16="",0,G16/$U16*100)) -> 1.4663051 | AD16: =IF($V16="无效","",IF(H16="",0,H16/$U16*100)) -> 0.29125239 | AE16: =IF($V16="无效","",IF(I16="",0,I16/$U16*100)) -> 1.6571256 | ... AK16: =IF($V16="无效","",IF(O16="",0,O16/$U16*100)) -> 0 | AL16: =IF(V16="有效",SUM(X16:AK16),"") -> 100
A17: 13 | B17: 59.01 | C17: 2.86 | D17: 12.53 | E17: 8.7 | G17: 6.16 | H17: 2.88 | I17: 4.73 | L17: 1.27 | P17: 13 | Q17: =IF(ISNUMBER(SEARCH("未风化点",A17)),"未风化点",IF(ISNUMBER(SEARCH("严重风化点",A17)),"严重风化点",IF(ISNUMBER(SEARCH("部位",A17)),"不同部位","普通采样点"))) -> 普通采样点 | R17: =VLOOKUP(P17,表单1_清洗!$A$2:$E$59,3,FALSE) -> 高钾 | S17: =VLOOKUP(P17,表单1_清洗!$A$2:$E$59,5,FALSE) -> 无风化 | T17: =IF(ISNUMBER(SEARCH("未风化点",A17)),"无风化",IF(ISNUMBER(SEARCH("严重风化点",A17)),"风化",S17)) -> 无风化 | U17: =SUM(B17:O17) -> 98.14 | V17: =IF(AND(U17>=85,U17<=105),"有效","无效") -> 有效 | W17: =COUNTBLANK(B17:O17)+COUNTIF(B17:O17,0) -> 6 | X17: =IF($V17="无效","",IF(B17="",0,B17/$U17*100)) -> 60.128388 | Y17: =IF($V17="无效","",IF(C17="",0,C17/$U17*100)) -> 2.9142042 | Z17: =IF($V17="无效","",IF(D17="",0,D17/$U17*100)) -> 12.767475 | AA17: =IF($V17="无效","",IF(E17="",0,E17/$U17*100)) -> 8.8648869 | AB17: =IF($V17="无效","",IF(F17="",0,F17/$U17*100)) -> 0 | AC17: =IF($V17="无效","",IF(G17="",0,G17/$U17*100)) -> 6.2767475 | AD17: =IF($V17="无效","",IF(H17="",0,H17/$U17*100)) -> 2.9345832 | AE17: =IF($V17="无效","",IF(I17="",0,I17/$U17*100)) -> 4.8196454 | ... AK17: =IF($V17="无效","",IF(O17="",0,O17/$U17*100)) -> 0 | AL17: =IF(V17="有效",SUM(X17:AK17),"") -> 100
A18: 14 | B18: 62.47 | C18: 3.38 | D18: 12.28 | E18: 8.23 | F18: 0.66 | G18: 9.23 | H18: 0.5 | I18: 0.47 | J18: 1.62 | L18: 0.16 | P18: 14 | Q18: =IF(ISNUMBER(SEARCH("未风化点",A18)),"未风化点",IF(ISNUMBER(SEARCH("严重风化点",A18)),"严重风化点",IF(ISNUMBER(SEARCH("部位",A18)),"不同部位","普通采样点"))) -> 普通采样点 | R18: =VLOOKUP(P18,表单1_清洗!$A$2:$E$59,3,FALSE) -> 高钾 | S18: =VLOOKUP(P18,表单1_清洗!$A$2:$E$59,5,FALSE) -> 无风化 | T18: =IF(ISNUMBER(SEARCH("未风化点",A18)),"无风化",IF(ISNUMBER(SEARCH("严重风化点",A18)),"风化",S18)) -> 无风化 | U18: =SUM(B18:O18) -> 99 | V18: =IF(AND(U18>=85,U18<=105),"有效","无效") -> 有效 | W18: =COUNTBLANK(B18:O18)+COUNTIF(B18:O18,0) -> 4 | X18: =IF($V18="无效","",IF(B18="",0,B18/$U18*100)) -> 63.10101 | Y18: =IF($V18="无效","",IF(C18="",0,C18/$U18*100)) -> 3.4141414 | Z18: =IF($V18="无效","",IF(D18="",0,D18/$U18*100)) -> 12.40404 | AA18: =IF($V18="无效","",IF(E18="",0,E18/$U18*100)) -> 8.3131313 | AB18: =IF($V18="无效","",IF(F18="",0,F18/$U18*100)) -> 0.66666667 | AC18: =IF($V18="无效","",IF(G18="",0,G18/$U18*100)) -> 9.3232323 | AD18: =IF($V18="无效","",IF(H18="",0,H18/$U18*100)) -> 0.50505051 | AE18: =IF($V18="无效","",IF(I18="",0,I18/$U18*100)) -> 0.47474747 | ... AK18: =IF($V18="无效","",IF(O18="",0,O18/$U18*100)) -> 0 | AL18: =IF(V18="有效",SUM(X18:AK18),"") -> 100
A19: 15 | B19: 61.87 | C19: 3.21 | D19: 7.44 | F19: 1.02 | G19: 3.15 | H19: 1.04 | I19: 1.29 | J19: 0.19 | K19: 0 | L19: 0.26 | P19: 15 | Q19: =IF(ISNUMBER(SEARCH("未风化点",A19)),"未风化点",IF(ISNUMBER(SEARCH("严重风化点",A19)),"严重风化点",IF(ISNUMBER(SEARCH("部位",A19)),"不同部位","普通采样点"))) -> 普通采样点 | R19: =VLOOKUP(P19,表单1_清洗!$A$2:$E$59,3,FALSE) -> 高钾 | S19: =VLOOKUP(P19,表单1_清洗!$A$2:$E$59,5,FALSE) -> 无风化 | T19: =IF(ISNUMBER(SEARCH("未风化点",A19)),"无风化",IF(ISNUMBER(SEARCH("严重风化点",A19)),"风化",S19)) -> 无风化 | U19: =SUM(B19:O19) -> 79.47 | V19: =IF(AND(U19>=85,U19<=105),"有效","无效") -> 无效 | W19: =COUNTBLANK(B19:O19)+COUNTIF(B19:O19,0) -> 5 | X19: =IF($V19="无效","",IF(B19="",0,B19/$U19*100)) | Y19: =IF($V19="无效","",IF(C19="",0,C19/$U19*100)) | Z19: =IF($V19="无效","",IF(D19="",0,D19/$U19*100)) | AA19: =IF($V19="无效","",IF(E19="",0,E19/$U19*100)) | AB19: =IF($V19="无效","",IF(F19="",0,F19/$U19*100)) | AC19: =IF($V19="无效","",IF(G19="",0,G19/$U19*100)) | AD19: =IF($V19="无效","",IF(H19="",0,H19/$U19*100)) | AE19: =IF($V19="无效","",IF(I19="",0,I19/$U19*100)) | ... AK19: =IF($V19="无效","",IF(O19="",0,O19/$U19*100)) | AL19: =IF(V19="有效",SUM(X19:AK19),"")
A20: 16 | B20: 65.18 | C20: 2.1 | D20: 14.52 | E20: 8.27 | F20: 0.52 | G20: 6.18 | H20: 0.42 | I20: 1.07 | J20: 0.11 | K20: 0 | M20: 0.04 | P20: 16 | Q20: =IF(ISNUMBER(SEARCH("未风化点",A20)),"未风化点",IF(ISNUMBER(SEARCH("严重风化点",A20)),"严重风化点",IF(ISNUMBER(SEARCH("部位",A20)),"不同部位","普通采样点"))) -> 普通采样点 | R20: =VLOOKUP(P20,表单1_清洗!$A$2:$E$59,3,FALSE) -> 高钾 | S20: =VLOOKUP(P20,表单1_清洗!$A$2:$E$59,5,FALSE) -> 无风化 | T20: =IF(ISNUMBER(SEARCH("未风化点",A20)),"无风化",IF(ISNUMBER(SEARCH("严重风化点",A20)),"风化",S20)) -> 无风化 | U20: =SUM(B20:O20) -> 98.41 | V20: =IF(AND(U20>=85,U20<=105),"有效","无效") -> 有效 | W20: =COUNTBLANK(B20:O20)+COUNTIF(B20:O20,0) -> 4 | X20: =IF($V20="无效","",IF(B20="",0,B20/$U20*100)) -> 66.233106 | Y20: =IF($V20="无效","",IF(C20="",0,C20/$U20*100)) -> 2.1339295 | Z20: =IF($V20="无效","",IF(D20="",0,D20/$U20*100)) -> 14.754598 | AA20: =IF($V20="无效","",IF(E20="",0,E20/$U20*100)) -> 8.4036175 | AB20: =IF($V20="无效","",IF(F20="",0,F20/$U20*100)) -> 0.52840159 | AC20: =IF($V20="无效","",IF(G20="",0,G20/$U20*100)) -> 6.2798496 | AD20: =IF($V20="无效","",IF(H20="",0,H20/$U20*100)) -> 0.4267859 | AE20: =IF($V20="无效","",IF(I20="",0,I20/$U20*100)) -> 1.0872879 | ... AK20: =IF($V20="无效","",IF(O20="",0,O20/$U20*100)) -> 0 | AL20: =IF(V20="有效",SUM(X20:AK20),"") -> 100
A21: 17 | B21: 60.71 | C21: 2.12 | D21: 5.71 | F21: 0.85 | H21: 1.04 | I21: 1.09 | J21: 0.19 | K21: 0 | L21: 0.18 | N21: 0 | P21: 17 | Q21: =IF(ISNUMBER(SEARCH("未风化点",A21)),"未风化点",IF(ISNUMBER(SEARCH("严重风化点",A21)),"严重风化点",IF(ISNUMBER(SEARCH("部位",A21)),"不同部位","普通采样点"))) -> 普通采样点 | R21: =VLOOKUP(P21,表单1_清洗!$A$2:$E$59,3,FALSE) -> 高钾 | S21: =VLOOKUP(P21,表单1_清洗!$A$2:$E$59,5,FALSE) -> 无风化 | T21: =IF(ISNUMBER(SEARCH("未风化点",A21)),"无风化",IF(ISNUMBER(SEARCH("严重风化点",A21)),"风化",S21)) -> 无风化 | U21: =SUM(B21:O21) -> 71.89 | V21: =IF(AND(U21>=85,U21<=105),"有效","无效") -> 无效 | W21: =COUNTBLANK(B21:O21)+COUNTIF(B21:O21,0) -> 6 | X21: =IF($V21="无效","",IF(B21="",0,B21/$U21*100)) | Y21: =IF($V21="无效","",IF(C21="",0,C21/$U21*100)) | Z21: =IF($V21="无效","",IF(D21="",0,D21/$U21*100)) | AA21: =IF($V21="无效","",IF(E21="",0,E21/$U21*100)) | AB21: =IF($V21="无效","",IF(F21="",0,F21/$U21*100)) | AC21: =IF($V21="无效","",IF(G21="",0,G21/$U21*100)) | AD21: =IF($V21="无效","",IF(H21="",0,H21/$U21*100)) | AE21: =IF($V21="无效","",IF(I21="",0,I21/$U21*100)) | ... AK21: =IF($V21="无效","",IF(O21="",0,O21/$U21*100)) | AL21: =IF(V21="有效",SUM(X21:AK21),"")
A22: 18 | B22: 79.46 | D22: 9.42 | F22: 1.53 | G22: 3.05 | L22: 1.36 | M22: 0.07 | N22: 2.36 | P22: 18 | Q22: =IF(ISNUMBER(SEARCH("未风化点",A22)),"未风化点",IF(ISNUMBER(SEARCH("严重风化点",A22)),"严重风化点",IF(ISNUMBER(SEARCH("部位",A22)),"不同部位","普通采样点"))) -> 普通采样点 | R22: =VLOOKUP(P22,表单1_清洗!$A$2:$E$59,3,FALSE) -> 高钾 | S22: =VLOOKUP(P22,表单1_清洗!$A$2:$E$59,5,FALSE) -> 无风化 | T22: =IF(ISNUMBER(SEARCH("未风化点",A22)),"无风化",IF(ISNUMBER(SEARCH("严重风化点",A22)),"风化",S22)) -> 无风化 | U22: =SUM(B22:O22) -> 97.25 | V22: =IF(AND(U22>=85,U22<=105),"有效","无效") -> 有效 | W22: =COUNTBLANK(B22:O22)+COUNTIF(B22:O22,0) -> 7 | X22: =IF($V22="无效","",IF(B22="",0,B22/$U22*100)) -> 81.706941 | Y22: =IF($V22="无效","",IF(C22="",0,C22/$U22*100)) -> 0 | Z22: =IF($V22="无效","",IF(D22="",0,D22/$U22*100)) -> 9.6863753 | AA22: =IF($V22="无效","",IF(E22="",0,E22/$U22*100)) -> 0 | AB22: =IF($V22="无效","",IF(F22="",0,F22/$U22*100)) -> 1.5732648 | AC22: =IF($V22="无效","",IF(G22="",0,G22/$U22*100)) -> 3.1362468 | AD22: =IF($V22="无效","",IF(H22="",0,H22/$U22*100)) -> 0 | AE22: =IF($V22="无效","",IF(I22="",0,I22/$U22*100)) -> 0 | ... AK22: =IF($V22="无效","",IF(O22="",0,O22/$U22*100)) -> 0 | AL22: =IF(V22="有效",SUM(X22:AK22),"") -> 100
A23: 19 | B23: 29.64 | E23: 2.93 | F23: 0.59 | G23: 3.57 | H23: 1.33 | I23: 3.51 | J23: 42.82 | K23: 5.35 | L23: 8.83 | M23: 0.19 | P23: 19 | Q23: =IF(ISNUMBER(SEARCH("未风化点",A23)),"未风化点",IF(ISNUMBER(SEARCH("严重风化点",A23)),"严重风化点",IF(ISNUMBER(SEARCH("部位",A23)),"不同部位","普通采样点"))) -> 普通采样点 | R23: =VLOOKUP(P23,表单1_清洗!$A$2:$E$59,3,FALSE) -> 铅钡 | S23: =VLOOKUP(P23,表单1_清洗!$A$2:$E$59,5,FALSE) -> 风化 | T23: =IF(ISNUMBER(SEARCH("未风化点",A23)),"无风化",IF(ISNUMBER(SEARCH("严重风化点",A23)),"风化",S23)) -> 风化 | U23: =SUM(B23:O23) -> 98.76 | V23: =IF(AND(U23>=85,U23<=105),"有效","无效") -> 有效 | W23: =COUNTBLANK(B23:O23)+COUNTIF(B23:O23,0) -> 4 | X23: =IF($V23="无效","",IF(B23="",0,B23/$U23*100)) -> 30.012151 | Y23: =IF($V23="无效","",IF(C23="",0,C23/$U23*100)) -> 0 | Z23: =IF($V23="无效","",IF(D23="",0,D23/$U23*100)) -> 0 | AA23: =IF($V23="无效","",IF(E23="",0,E23/$U23*100)) -> 2.9667882 | AB23: =IF($V23="无效","",IF(F23="",0,F23/$U23*100)) -> 0.59740786 | AC23: =IF($V23="无效","",IF(G23="",0,G23/$U23*100)) -> 3.6148238 | AD23: =IF($V23="无效","",IF(H23="",0,H23/$U23*100)) -> 1.3466991 | AE23: =IF($V23="无效","",IF(I23="",0,I23/$U23*100)) -> 3.5540705 | ... AK23: =IF($V23="无效","",IF(O23="",0,O23/$U23*100)) -> 0 | AL23: =IF(V23="有效",SUM(X23:AK23),"") -> 100
A24: 20 | B24: 37.36 | D24: 0.71 | G24: 5.45 | H24: 1.51 | I24: 4.78 | J24: 9.3 | K24: 23.55 | L24: 5.75 | P24: 20 | Q24: =IF(ISNUMBER(SEARCH("未风化点",A24)),"未风化点",IF(ISNUMBER(SEARCH("严重风化点",A24)),"严重风化点",IF(ISNUMBER(SEARCH("部位",A24)),"不同部位","普通采样点"))) -> 普通采样点 | R24: =VLOOKUP(P24,表单1_清洗!$A$2:$E$59,3,FALSE) -> 铅钡 | S24: =VLOOKUP(P24,表单1_清洗!$A$2:$E$59,5,FALSE) -> 无风化 | T24: =IF(ISNUMBER(SEARCH("未风化点",A24)),"无风化",IF(ISNUMBER(SEARCH("严重风化点",A24)),"风化",S24)) -> 无风化 | U24: =SUM(B24:O24) -> 88.41 | V24: =IF(AND(U24>=85,U24<=105),"有效","无效") -> 有效 | W24: =COUNTBLANK(B24:O24)+COUNTIF(B24:O24,0) -> 6 | X24: =IF($V24="无效","",IF(B24="",0,B24/$U24*100)) -> 42.257663 | Y24: =IF($V24="无效","",IF(C24="",0,C24/$U24*100)) -> 0 | Z24: =IF($V24="无效","",IF(D24="",0,D24/$U24*100)) -> 0.80307658 | AA24: =IF($V24="无效","",IF(E24="",0,E24/$U24*100)) -> 0 | AB24: =IF($V24="无效","",IF(F24="",0,F24/$U24*100)) -> 0 | AC24: =IF($V24="无效","",IF(G24="",0,G24/$U24*100)) -> 6.164461 | AD24: =IF($V24="无效","",IF(H24="",0,H24/$U24*100)) -> 1.7079516 | AE24: =IF($V24="无效","",IF(I24="",0,I24/$U24*100)) -> 5.4066282 | ... AK24: =IF($V24="无效","",IF(O24="",0,O24/$U24*100)) -> 0 | AL24: =IF(V24="有效",SUM(X24:AK24),"") -> 100
A25: 21 | B25: 76.68 | E25: 4.71 | F25: 1.22 | G25: 6.19 | H25: 2.37 | I25: 3.28 | J25: 1 | K25: 1.97 | L25: 1.1 | P25: 21 | Q25: =IF(ISNUMBER(SEARCH("未风化点",A25)),"未风化点",IF(ISNUMBER(SEARCH("严重风化点",A25)),"严重风化点",IF(ISNUMBER(SEARCH("部位",A25)),"不同部位","普通采样点"))) -> 普通采样点 | R25: =VLOOKUP(P25,表单1_清洗!$A$2:$E$59,3,FALSE) -> 高钾 | S25: =VLOOKUP(P25,表单1_清洗!$A$2:$E$59,5,FALSE) -> 无风化 | T25: =IF(ISNUMBER(SEARCH("未风化点",A25)),"无风化",IF(ISNUMBER(SEARCH("严重风化点",A25)),"风化",S25)) -> 无风化 | U25: =SUM(B25:O25) -> 98.52 | V25: =IF(AND(U25>=85,U25<=105),"有效","无效") -> 有效 | W25: =COUNTBLANK(B25:O25)+COUNTIF(B25:O25,0) -> 5 | X25: =IF($V25="无效","",IF(B25="",0,B25/$U25*100)) -> 77.831912 | Y25: =IF($V25="无效","",IF(C25="",0,C25/$U25*100)) -> 0 | Z25: =IF($V25="无效","",IF(D25="",0,D25/$U25*100)) -> 0 | AA25: =IF($V25="无效","",IF(E25="",0,E25/$U25*100)) -> 4.7807552 | AB25: =IF($V25="无效","",IF(F25="",0,F25/$U25*100)) -> 1.2383272 | AC25: =IF($V25="无效","",IF(G25="",0,G25/$U25*100)) -> 6.2829882 | AD25: =IF($V25="无效","",IF(H25="",0,H25/$U25*100)) -> 2.4056029 | AE25: =IF($V25="无效","",IF(I25="",0,I25/$U25*100)) -> 3.3292732 | ... AK25: =IF($V25="无效","",IF(O25="",0,O25/$U25*100)) -> 0 | AL25: =IF(V25="有效",SUM(X25:AK25),"") -> 100
A26: 22 | B26: 92.35 | D26: 0.74 | E26: 1.66 | F26: 0.64 | G26: 3.5 | H26: 0.35 | I26: 0.55 | L26: 0.21 | P26: 22 | Q26: =IF(ISNUMBER(SEARCH("未风化点",A26)),"未风化点",IF(ISNUMBER(SEARCH("严重风化点",A26)),"严重风化点",IF(ISNUMBER(SEARCH("部位",A26)),"不同部位","普通采样点"))) -> 普通采样点 | R26: =VLOOKUP(P26,表单1_清洗!$A$2:$E$59,3,FALSE) -> 高钾 | S26: =VLOOKUP(P26,表单1_清洗!$A$2:$E$59,5,FALSE) -> 风化 | T26: =IF(ISNUMBER(SEARCH("未风化点",A26)),"无风化",IF(ISNUMBER(SEARCH("严重风化点",A26)),"风化",S26)) -> 风化 | U26: =SUM(B26:O26) -> 100 | V26: =IF(AND(U26>=85,U26<=105),"有效","无效") -> 有效 | W26: =COUNTBLANK(B26:O26)+COUNTIF(B26:O26,0) -> 6 | X26: =IF($V26="无效","",IF(B26="",0,B26/$U26*100)) -> 92.35 | Y26: =IF($V26="无效","",IF(C26="",0,C26/$U26*100)) -> 0 | Z26: =IF($V26="无效","",IF(D26="",0,D26/$U26*100)) -> 0.74 | AA26: =IF($V26="无效","",IF(E26="",0,E26/$U26*100)) -> 1.66 | AB26: =IF($V26="无效","",IF(F26="",0,F26/$U26*100)) -> 0.64 | AC26: =IF($V26="无效","",IF(G26="",0,G26/$U26*100)) -> 3.5 | AD26: =IF($V26="无效","",IF(H26="",0,H26/$U26*100)) -> 0.35 | AE26: =IF($V26="无效","",IF(I26="",0,I26/$U26*100)) -> 0.55 | ... AK26: =IF($V26="无效","",IF(O26="",0,O26/$U26*100)) -> 0 | AL26: =IF(V26="有效",SUM(X26:AK26),"") -> 100
A27: 23未风化点 | B27: 53.79 | C27: 7.92 | E27: 0.5 | F27: 0.71 | G27: 1.42 | I27: 2.99 | J27: 16.98 | K27: 11.86 | M27: 0.33 | P27: 23 | Q27: =IF(ISNUMBER(SEARCH("未风化点",A27)),"未风化点",IF(ISNUMBER(SEARCH("严重风化点",A27)),"严重风化点",IF(ISNUMBER(SEARCH("部位",A27)),"不同部位","普通采样点"))) -> 未风化点 | R27: =VLOOKUP(P27,表单1_清洗!$A$2:$E$59,3,FALSE) -> 铅钡 | S27: =VLOOKUP(P27,表单1_清洗!$A$2:$E$59,5,FALSE) -> 风化 | T27: =IF(ISNUMBER(SEARCH("未风化点",A27)),"无风化",IF(ISNUMBER(SEARCH("严重风化点",A27)),"风化",S27)) -> 无风化 | U27: =SUM(B27:O27) -> 96.5 | V27: =IF(AND(U27>=85,U27<=105),"有效","无效") -> 有效 | W27: =COUNTBLANK(B27:O27)+COUNTIF(B27:O27,0) -> 5 | X27: =IF($V27="无效","",IF(B27="",0,B27/$U27*100)) -> 55.740933 | Y27: =IF($V27="无效","",IF(C27="",0,C27/$U27*100)) -> 8.2072539 | Z27: =IF($V27="无效","",IF(D27="",0,D27/$U27*100)) -> 0 | AA27: =IF($V27="无效","",IF(E27="",0,E27/$U27*100)) -> 0.51813472 | AB27: =IF($V27="无效","",IF(F27="",0,F27/$U27*100)) -> 0.7357513 | AC27: =IF($V27="无效","",IF(G27="",0,G27/$U27*100)) -> 1.4715026 | AD27: =IF($V27="无效","",IF(H27="",0,H27/$U27*100)) -> 0 | AE27: =IF($V27="无效","",IF(I27="",0,I27/$U27*100)) -> 3.0984456 | ... AK27: =IF($V27="无效","",IF(O27="",0,O27/$U27*100)) -> 0 | AL27: =IF(V27="有效",SUM(X27:AK27),"") -> 100
A28: 24 | B28: 31.94 | E28: 0.47 | G28: 1.59 | I28: 8.46 | J28: 29.14 | K28: 26.23 | L28: 0.14 | M28: 0.91 | P28: 24 | Q28: =IF(ISNUMBER(SEARCH("未风化点",A28)),"未风化点",IF(ISNUMBER(SEARCH("严重风化点",A28)),"严重风化点",IF(ISNUMBER(SEARCH("部位",A28)),"不同部位","普通采样点"))) -> 普通采样点 | R28: =VLOOKUP(P28,表单1_清洗!$A$2:$E$59,3,FALSE) -> 铅钡 | S28: =VLOOKUP(P28,表单1_清洗!$A$2:$E$59,5,FALSE) -> 无风化 | T28: =IF(ISNUMBER(SEARCH("未风化点",A28)),"无风化",IF(ISNUMBER(SEARCH("严重风化点",A28)),"风化",S28)) -> 无风化 | U28: =SUM(B28:O28) -> 98.88 | V28: =IF(AND(U28>=85,U28<=105),"有效","无效") -> 有效 | W28: =COUNTBLANK(B28:O28)+COUNTIF(B28:O28,0) -> 6 | X28: =IF($V28="无效","",IF(B28="",0,B28/$U28*100)) -> 32.30178 | Y28: =IF($V28="无效","",IF(C28="",0,C28/$U28*100)) -> 0 | Z28: =IF($V28="无效","",IF(D28="",0,D28/$U28*100)) -> 0 | AA28: =IF($V28="无效","",IF(E28="",0,E28/$U28*100)) -> 0.47532362 | AB28: =IF($V28="无效","",IF(F28="",0,F28/$U28*100)) -> 0 | AC28: =IF($V28="无效","",IF(G28="",0,G28/$U28*100)) -> 1.6080097 | AD28: =IF($V28="无效","",IF(H28="",0,H28/$U28*100)) -> 0 | AE28: =IF($V28="无效","",IF(I28="",0,I28/$U28*100)) -> 8.5558252 | ... AK28: =IF($V28="无效","",IF(O28="",0,O28/$U28*100)) -> 0 | AL28: =IF(V28="有效",SUM(X28:AK28),"") -> 100
A29: 25未风化点 | B29: 50.61 | C29: 2.31 | E29: 0.63 | G29: 1.9 | H29: 1.55 | I29: 1.12 | J29: 31.9 | K29: 6.65 | L29: 0.19 | M29: 0.2 | P29: 25 | Q29: =IF(ISNUMBER(SEARCH("未风化点",A29)),"未风化点",IF(ISNUMBER(SEARCH("严重风化点",A29)),"严重风化点",IF(ISNUMBER(SEARCH("部位",A29)),"不同部位","普通采样点"))) -> 未风化点 | R29: =VLOOKUP(P29,表单1_清洗!$A$2:$E$59,3,FALSE) -> 铅钡 | S29: =VLOOKUP(P29,表单1_清洗!$A$2:$E$59,5,FALSE) -> 风化 | T29: =IF(ISNUMBER(SEARCH("未风化点",A29)),"无风化",IF(ISNUMBER(SEARCH("严重风化点",A29)),"风化",S29)) -> 无风化 | U29: =SUM(B29:O29) -> 97.06 | V29: =IF(AND(U29>=85,U29<=105),"有效","无效") -> 有效 | W29: =COUNTBLANK(B29:O29)+COUNTIF(B29:O29,0) -> 4 | X29: =IF($V29="无效","",IF(B29="",0,B29/$U29*100)) -> 52.143004 | Y29: =IF($V29="无效","",IF(C29="",0,C29/$U29*100)) -> 2.3799712 | Z29: =IF($V29="无效","",IF(D29="",0,D29/$U29*100)) -> 0 | AA29: =IF($V29="无效","",IF(E29="",0,E29/$U29*100)) -> 0.64908304 | AB29: =IF($V29="无效","",IF(F29="",0,F29/$U29*100)) -> 0 | AC29: =IF($V29="无效","",IF(G29="",0,G29/$U29*100)) -> 1.957552 | AD29: =IF($V29="无效","",IF(H29="",0,H29/$U29*100)) -> 1.5969503 | AE29: =IF($V29="无效","",IF(I29="",0,I29/$U29*100)) -> 1.1539254 | ... AK29: =IF($V29="无效","",IF(O29="",0,O29/$U29*100)) -> 0 | AL29: =IF(V29="有效",SUM(X29:AK29),"") -> 100
A30: 26 | B30: 19.79 | E30: 1.44 | G30: 0.7 | I30: 10.57 | J30: 29.53 | K30: 32.25 | L30: 3.13 | M30: 0.45 | O30: 1.96 | P30: 26 | Q30: =IF(ISNUMBER(SEARCH("未风化点",A30)),"未风化点",IF(ISNUMBER(SEARCH("严重风化点",A30)),"严重风化点",IF(ISNUMBER(SEARCH("部位",A30)),"不同部位","普通采样点"))) -> 普通采样点 | R30: =VLOOKUP(P30,表单1_清洗!$A$2:$E$59,3,FALSE) -> 铅钡 | S30: =VLOOKUP(P30,表单1_清洗!$A$2:$E$59,5,FALSE) -> 风化 | T30: =IF(ISNUMBER(SEARCH("未风化点",A30)),"无风化",IF(ISNUMBER(SEARCH("严重风化点",A30)),"风化",S30)) -> 风化 | U30: =SUM(B30:O30) -> 99.82 | V30: =IF(AND(U30>=85,U30<=105),"有效","无效") -> 有效 | W30: =COUNTBLANK(B30:O30)+COUNTIF(B30:O30,0) -> 5 | X30: =IF($V30="无效","",IF(B30="",0,B30/$U30*100)) -> 19.825686 | Y30: =IF($V30="无效","",IF(C30="",0,C30/$U30*100)) -> 0 | Z30: =IF($V30="无效","",IF(D30="",0,D30/$U30*100)) -> 0 | AA30: =IF($V30="无效","",IF(E30="",0,E30/$U30*100)) -> 1.4425967 | AB30: =IF($V30="无效","",IF(F30="",0,F30/$U30*100)) -> 0 | AC30: =IF($V30="无效","",IF(G30="",0,G30/$U30*100)) -> 0.70126227 | AD30: =IF($V30="无效","",IF(H30="",0,H30/$U30*100)) -> 0 | AE30: =IF($V30="无效","",IF(I30="",0,I30/$U30*100)) -> 10.58906 | ... AK30: =IF($V30="无效","",IF(O30="",0,O30/$U30*100)) -> 1.9635344 | AL30: =IF(V30="有效",SUM(X30:AK30),"") -> 100
A31: 26严重风化点 | B31: 3.72 | D31: 0.4 | E31: 3.01 | G31: 1.18 | I31: 3.6 | J31: 29.92 | K31: 35.45 | L31: 6.04 | M31: 0.62 | O31: 15.95 | P31: 26 | Q31: =IF(ISNUMBER(SEARCH("未风化点",A31)),"未风化点",IF(ISNUMBER(SEARCH("严重风化点",A31)),"严重风化点",IF(ISNUMBER(SEARCH("部位",A31)),"不同部位","普通采样点"))) -> 严重风化点 | R31: =VLOOKUP(P31,表单1_清洗!$A$2:$E$59,3,FALSE) -> 铅钡 | S31: =VLOOKUP(P31,表单1_清洗!$A$2:$E$59,5,FALSE) -> 风化 | T31: =IF(ISNUMBER(SEARCH("未风化点",A31)),"无风化",IF(ISNUMBER(SEARCH("严重风化点",A31)),"风化",S31)) -> 风化 | U31: =SUM(B31:O31) -> 99.89 | V31: =IF(AND(U31>=85,U31<=105),"有效","无效") -> 有效 | W31: =COUNTBLANK(B31:O31)+COUNTIF(B31:O31,0) -> 4 | X31: =IF($V31="无效","",IF(B31="",0,B31/$U31*100)) -> 3.7240965 | Y31: =IF($V31="无效","",IF(C31="",0,C31/$U31*100)) -> 0 | Z31: =IF($V31="无效","",IF(D31="",0,D31/$U31*100)) -> 0.40044048 | AA31: =IF($V31="无效","",IF(E31="",0,E31/$U31*100)) -> 3.0133146 | AB31: =IF($V31="无效","",IF(F31="",0,F31/$U31*100)) -> 0 | AC31: =IF($V31="无效","",IF(G31="",0,G31/$U31*100)) -> 1.1812994 | AD31: =IF($V31="无效","",IF(H31="",0,H31/$U31*100)) -> 0 | AE31: =IF($V31="无效","",IF(I31="",0,I31/$U31*100)) -> 3.6039644 | ... AK31: =IF($V31="无效","",IF(O31="",0,O31/$U31*100)) -> 15.967564 | AL31: =IF(V31="有效",SUM(X31:AK31),"") -> 100
A32: 27 | B32: 92.72 | E32: 0.94 | F32: 0.54 | G32: 2.51 | H32: 0.2 | I32: 1.54 | L32: 0.36 | P32: 27 | Q32: =IF(ISNUMBER(SEARCH("未风化点",A32)),"未风化点",IF(ISNUMBER(SEARCH("严重风化点",A32)),"严重风化点",IF(ISNUMBER(SEARCH("部位",A32)),"不同部位","普通采样点"))) -> 普通采样点 | R32: =VLOOKUP(P32,表单1_清洗!$A$2:$E$59,3,FALSE) -> 高钾 | S32: =VLOOKUP(P32,表单1_清洗!$A$2:$E$59,5,FALSE) -> 风化 | T32: =IF(ISNUMBER(SEARCH("未风化点",A32)),"无风化",IF(ISNUMBER(SEARCH("严重风化点",A32)),"风化",S32)) -> 风化 | U32: =SUM(B32:O32) -> 98.81 | V32: =IF(AND(U32>=85,U32<=105),"有效","无效") -> 有效 | W32: =COUNTBLANK(B32:O32)+COUNTIF(B32:O32,0) -> 7 | X32: =IF($V32="无效","",IF(B32="",0,B32/$U32*100)) -> 93.836656 | Y32: =IF($V32="无效","",IF(C32="",0,C32/$U32*100)) -> 0 | Z32: =IF($V32="无效","",IF(D32="",0,D32/$U32*100)) -> 0 | AA32: =IF($V32="无效","",IF(E32="",0,E32/$U32*100)) -> 0.95132072 | AB32: =IF($V32="无效","",IF(F32="",0,F32/$U32*100)) -> 0.54650339 | AC32: =IF($V32="无效","",IF(G32="",0,G32/$U32*100)) -> 2.5402287 | AD32: =IF($V32="无效","",IF(H32="",0,H32/$U32*100)) -> 0.20240866 | AE32: =IF($V32="无效","",IF(I32="",0,I32/$U32*100)) -> 1.5585467 | ... AK32: =IF($V32="无效","",IF(O32="",0,O32/$U32*100)) -> 0 | AL32: =IF(V32="有效",SUM(X32:AK32),"") -> 100
A33: 28未风化点 | B33: 68.08 | D33: 0.26 | E33: 1.34 | F33: 1 | G33: 4.7 | H33: 0.41 | I33: 0.33 | J33: 17.14 | K33: 4.04 | L33: 1.04 | M33: 0.12 | N33: 0.23 | P33: 28 | Q33: =IF(ISNUMBER(SEARCH("未风化点",A33)),"未风化点",IF(ISNUMBER(SEARCH("严重风化点",A33)),"严重风化点",IF(ISNUMBER(SEARCH("部位",A33)),"不同部位","普通采样点"))) -> 未风化点 | R33: =VLOOKUP(P33,表单1_清洗!$A$2:$E$59,3,FALSE) -> 铅钡 | S33: =VLOOKUP(P33,表单1_清洗!$A$2:$E$59,5,FALSE) -> 风化 | T33: =IF(ISNUMBER(SEARCH("未风化点",A33)),"无风化",IF(ISNUMBER(SEARCH("严重风化点",A33)),"风化",S33)) -> 无风化 | U33: =SUM(B33:O33) -> 98.69 | V33: =IF(AND(U33>=85,U33<=105),"有效","无效") -> 有效 | W33: =COUNTBLANK(B33:O33)+COUNTIF(B33:O33,0) -> 2 | X33: =IF($V33="无效","",IF(B33="",0,B33/$U33*100)) -> 68.983686 | Y33: =IF($V33="无效","",IF(C33="",0,C33/$U33*100)) -> 0 | Z33: =IF($V33="无效","",IF(D33="",0,D33/$U33*100)) -> 0.26345121 | AA33: =IF($V33="无效","",IF(E33="",0,E33/$U33*100)) -> 1.357787 | AB33: =IF($V33="无效","",IF(F33="",0,F33/$U33*100)) -> 1.0132739 | AC33: =IF($V33="无效","",IF(G33="",0,G33/$U33*100)) -> 4.7623873 | AD33: =IF($V33="无效","",IF(H33="",0,H33/$U33*100)) -> 0.41544229 | AE33: =IF($V33="无效","",IF(I33="",0,I33/$U33*100)) -> 0.33438038 | ... AK33: =IF($V33="无效","",IF(O33="",0,O33/$U33*100)) -> 0 | AL33: =IF(V33="有效",SUM(X33:AK33),"") -> 100
A34: 29未风化点 | B34: 63.3 | C34: 0.92 | D34: 0.3 | E34: 2.98 | F34: 1.49 | G34: 14.34 | H34: 0.81 | I34: 0.74 | J34: 12.31 | K34: 2.03 | L34: 0.41 | M34: 0.25 | P34: 29 | Q34: =IF(ISNUMBER(SEARCH("未风化点",A34)),"未风化点",IF(ISNUMBER(SEARCH("严重风化点",A34)),"严重风化点",IF(ISNUMBER(SEARCH("部位",A34)),"不同部位","普通采样点"))) -> 未风化点 | R34: =VLOOKUP(P34,表单1_清洗!$A$2:$E$59,3,FALSE) -> 铅钡 | S34: =VLOOKUP(P34,表单1_清洗!$A$2:$E$59,5,FALSE) -> 风化 | T34: =IF(ISNUMBER(SEARCH("未风化点",A34)),"无风化",IF(ISNUMBER(SEARCH("严重风化点",A34)),"风化",S34)) -> 无风化 | U34: =SUM(B34:O34) -> 99.88 | V34: =IF(AND(U34>=85,U34<=105),"有效","无效") -> 有效 | W34: =COUNTBLANK(B34:O34)+COUNTIF(B34:O34,0) -> 2 | X34: =IF($V34="无效","",IF(B34="",0,B34/$U34*100)) -> 63.376051 | Y34: =IF($V34="无效","",IF(C34="",0,C34/$U34*100)) -> 0.92110533 | Z34: =IF($V34="无效","",IF(D34="",0,D34/$U34*100)) -> 0.30036043 | AA34: =IF($V34="无效","",IF(E34="",0,E34/$U34*100)) -> 2.9835803 | AB34: =IF($V34="无效","",IF(F34="",0,F34/$U34*100)) -> 1.4917901 | AC34: =IF($V34="无效","",IF(G34="",0,G34/$U34*100)) -> 14.357229 | AD34: =IF($V34="无效","",IF(H34="",0,H34/$U34*100)) -> 0.81097317 | AE34: =IF($V34="无效","",IF(I34="",0,I34/$U34*100)) -> 0.74088907 | ... AK34: =IF($V34="无效","",IF(O34="",0,O34/$U34*100)) -> 0 | AL34: =IF(V34="有效",SUM(X34:AK34),"") -> 100
A35: 30部位1 | B35: 34.34 | D35: 1.41 | E35: 4.49 | F35: 0.98 | G35: 4.35 | H35: 2.12 | J35: 39.22 | K35: 10.29 | M35: 0.35 | N35: 0.4 | P35: 30 | Q35: =IF(ISNUMBER(SEARCH("未风化点",A35)),"未风化点",IF(ISNUMBER(SEARCH("严重风化点",A35)),"严重风化点",IF(ISNUMBER(SEARCH("部位",A35)),"不同部位","普通采样点"))) -> 不同部位 | R35: =VLOOKUP(P35,表单1_清洗!$A$2:$E$59,3,FALSE) -> 铅钡 | S35: =VLOOKUP(P35,表单1_清洗!$A$2:$E$59,5,FALSE) -> 无风化 | T35: =IF(ISNUMBER(SEARCH("未风化点",A35)),"无风化",IF(ISNUMBER(SEARCH("严重风化点",A35)),"风化",S35)) -> 无风化 | U35: =SUM(B35:O35) -> 97.95 | V35: =IF(AND(U35>=85,U35<=105),"有效","无效") -> 有效 | W35: =COUNTBLANK(B35:O35)+COUNTIF(B35:O35,0) -> 4 | X35: =IF($V35="无效","",IF(B35="",0,B35/$U35*100)) -> 35.058703 | Y35: =IF($V35="无效","",IF(C35="",0,C35/$U35*100)) -> 0 | Z35: =IF($V35="无效","",IF(D35="",0,D35/$U35*100)) -> 1.43951 | AA35: =IF($V35="无效","",IF(E35="",0,E35/$U35*100)) -> 4.5839714 | AB35: =IF($V35="无效","",IF(F35="",0,F35/$U35*100)) -> 1.0005105 | AC35: =IF($V35="无效","",IF(G35="",0,G35/$U35*100)) -> 4.4410413 | AD35: =IF($V35="无效","",IF(H35="",0,H35/$U35*100)) -> 2.1643696 | AE35: =IF($V35="无效","",IF(I35="",0,I35/$U35*100)) -> 0 | ... AK35: =IF($V35="无效","",IF(O35="",0,O35/$U35*100)) -> 0 | AL35: =IF(V35="有效",SUM(X35:AK35),"") -> 100
A36: 30部位2 | B36: 36.93 | E36: 4.24 | F36: 0.51 | G36: 3.86 | H36: 2.74 | J36: 37.74 | K36: 10.35 | L36: 1.41 | M36: 0.48 | N36: 0.44 | P36: 30 | Q36: =IF(ISNUMBER(SEARCH("未风化点",A36)),"未风化点",IF(ISNUMBER(SEARCH("严重风化点",A36)),"严重风化点",IF(ISNUMBER(SEARCH("部位",A36)),"不同部位","普通采样点"))) -> 不同部位 | R36: =VLOOKUP(P36,表单1_清洗!$A$2:$E$59,3,FALSE) -> 铅钡 | S36: =VLOOKUP(P36,表单1_清洗!$A$2:$E$59,5,FALSE) -> 无风化 | T36: =IF(ISNUMBER(SEARCH("未风化点",A36)),"无风化",IF(ISNUMBER(SEARCH("严重风化点",A36)),"风化",S36)) -> 无风化 | U36: =SUM(B36:O36) -> 98.7 | V36: =IF(AND(U36>=85,U36<=105),"有效","无效") -> 有效 | W36: =COUNTBLANK(B36:O36)+COUNTIF(B36:O36,0) -> 4 | X36: =IF($V36="无效","",IF(B36="",0,B36/$U36*100)) -> 37.416413 | Y36: =IF($V36="无效","",IF(C36="",0,C36/$U36*100)) -> 0 | Z36: =IF($V36="无效","",IF(D36="",0,D36/$U36*100)) -> 0 | AA36: =IF($V36="无效","",IF(E36="",0,E36/$U36*100)) -> 4.295846 | AB36: =IF($V36="无效","",IF(F36="",0,F36/$U36*100)) -> 0.51671733 | AC36: =IF($V36="无效","",IF(G36="",0,G36/$U36*100)) -> 3.9108409 | AD36: =IF($V36="无效","",IF(H36="",0,H36/$U36*100)) -> 2.7760892 | AE36: =IF($V36="无效","",IF(I36="",0,I36/$U36*100)) -> 0 | ... AK36: =IF($V36="无效","",IF(O36="",0,O36/$U36*100)) -> 0 | AL36: =IF(V36="有效",SUM(X36:AK36),"") -> 100
A37: 31 | B37: 65.91 | E37: 1.6 | F37: 0.89 | G37: 3.11 | H37: 4.59 | I37: 0.44 | J37: 16.55 | K37: 3.42 | L37: 1.62 | M37: 0.3 | P37: 31 | Q37: =IF(ISNUMBER(SEARCH("未风化点",A37)),"未风化点",IF(ISNUMBER(SEARCH("严重风化点",A37)),"严重风化点",IF(ISNUMBER(SEARCH("部位",A37)),"不同部位","普通采样点"))) -> 普通采样点 | R37: =VLOOKUP(P37,表单1_清洗!$A$2:$E$59,3,FALSE) -> 铅钡 | S37: =VLOOKUP(P37,表单1_清洗!$A$2:$E$59,5,FALSE) -> 无风化 | T37: =IF(ISNUMBER(SEARCH("未风化点",A37)),"无风化",IF(ISNUMBER(SEARCH("严重风化点",A37)),"风化",S37)) -> 无风化 | U37: =SUM(B37:O37) -> 98.43 | V37: =IF(AND(U37>=85,U37<=105),"有效","无效") -> 有效 | W37: =COUNTBLANK(B37:O37)+COUNTIF(B37:O37,0) -> 4 | X37: =IF($V37="无效","",IF(B37="",0,B37/$U37*100)) -> 66.961292 | Y37: =IF($V37="无效","",IF(C37="",0,C37/$U37*100)) -> 0 | Z37: =IF($V37="无效","",IF(D37="",0,D37/$U37*100)) -> 0 | AA37: =IF($V37="无效","",IF(E37="",0,E37/$U37*100)) -> 1.6255207 | AB37: =IF($V37="无效","",IF(F37="",0,F37/$U37*100)) -> 0.90419588 | AC37: =IF($V37="无效","",IF(G37="",0,G37/$U37*100)) -> 3.1596058 | AD37: =IF($V37="无效","",IF(H37="",0,H37/$U37*100)) -> 4.6632124 | AE37: =IF($V37="无效","",IF(I37="",0,I37/$U37*100)) -> 0.44701819 | ... AK37: =IF($V37="无效","",IF(O37="",0,O37/$U37*100)) -> 0 | AL37: =IF(V37="有效",SUM(X37:AK37),"") -> 100
A38: 32 | B38: 69.71 | D38: 0.21 | E38: 0.46 | G38: 2.36 | H38: 1 | I38: 0.11 | J38: 19.76 | K38: 4.88 | L38: 0.17 | P38: 32 | Q38: =IF(ISNUMBER(SEARCH("未风化点",A38)),"未风化点",IF(ISNUMBER(SEARCH("严重风化点",A38)),"严重风化点",IF(ISNUMBER(SEARCH("部位",A38)),"不同部位","普通采样点"))) -> 普通采样点 | R38: =VLOOKUP(P38,表单1_清洗!$A$2:$E$59,3,FALSE) -> 铅钡 | S38: =VLOOKUP(P38,表单1_清洗!$A$2:$E$59,5,FALSE) -> 无风化 | T38: =IF(ISNUMBER(SEARCH("未风化点",A38)),"无风化",IF(ISNUMBER(SEARCH("严重风化点",A38)),"风化",S38)) -> 无风化 | U38: =SUM(B38:O38) -> 98.66 | V38: =IF(AND(U38>=85,U38<=105),"有效","无效") -> 有效 | W38: =COUNTBLANK(B38:O38)+COUNTIF(B38:O38,0) -> 5 | X38: =IF($V38="无效","",IF(B38="",0,B38/$U38*100)) -> 70.656801 | Y38: =IF($V38="无效","",IF(C38="",0,C38/$U38*100)) -> 0 | Z38: =IF($V38="无效","",IF(D38="",0,D38/$U38*100)) -> 0.21285222 | AA38: =IF($V38="无效","",IF(E38="",0,E38/$U38*100)) -> 0.46624772 | AB38: =IF($V38="无效","",IF(F38="",0,F38/$U38*100)) -> 0 | AC38: =IF($V38="无效","",IF(G38="",0,G38/$U38*100)) -> 2.3920535 | AD38: =IF($V38="无效","",IF(H38="",0,H38/$U38*100)) -> 1.013582 | AE38: =IF($V38="无效","",IF(I38="",0,I38/$U38*100)) -> 0.11149402 | ... AK38: =IF($V38="无效","",IF(O38="",0,O38/$U38*100)) -> 0 | AL38: =IF(V38="有效",SUM(X38:AK38),"") -> 100
A39: 33 | B39: 75.51 | D39: 0.15 | E39: 0.64 | F39: 1 | G39: 2.35 | I39: 0.47 | J39: 16.16 | K39: 3.55 | L39: 0.13 | P39: 33 | Q39: =IF(ISNUMBER(SEARCH("未风化点",A39)),"未风化点",IF(ISNUMBER(SEARCH("严重风化点",A39)),"严重风化点",IF(ISNUMBER(SEARCH("部位",A39)),"不同部位","普通采样点"))) -> 普通采样点 | R39: =VLOOKUP(P39,表单1_清洗!$A$2:$E$59,3,FALSE) -> 铅钡 | S39: =VLOOKUP(P39,表单1_清洗!$A$2:$E$59,5,FALSE) -> 无风化 | T39: =IF(ISNUMBER(SEARCH("未风化点",A39)),"无风化",IF(ISNUMBER(SEARCH("严重风化点",A39)),"风化",S39)) -> 无风化 | U39: =SUM(B39:O39) -> 99.96 | V39: =IF(AND(U39>=85,U39<=105),"有效","无效") -> 有效 | W39: =COUNTBLANK(B39:O39)+COUNTIF(B39:O39,0) -> 5 | X39: =IF($V39="无效","",IF(B39="",0,B39/$U39*100)) -> 75.540216 | Y39: =IF($V39="无效","",IF(C39="",0,C39/$U39*100)) -> 0 | Z39: =IF($V39="无效","",IF(D39="",0,D39/$U39*100)) -> 0.15006002 | AA39: =IF($V39="无效","",IF(E39="",0,E39/$U39*100)) -> 0.6402561 | AB39: =IF($V39="无效","",IF(F39="",0,F39/$U39*100)) -> 1.0004002 | AC39: =IF($V39="无效","",IF(G39="",0,G39/$U39*100)) -> 2.3509404 | AD39: =IF($V39="无效","",IF(H39="",0,H39/$U39*100)) -> 0 | AE39: =IF($V39="无效","",IF(I39="",0,I39/$U39*100)) -> 0.47018808 | ... AK39: =IF($V39="无效","",IF(O39="",0,O39/$U39*100)) -> 0 | AL39: =IF(V39="有效",SUM(X39:AK39),"") -> 100
A40: 34 | B40: 35.78 | D40: 0.25 | E40: 0.78 | G40: 1.62 | H40: 0.47 | I40: 1.51 | J40: 46.55 | K40: 10 | L40: 0.34 | M40: 0.22 | P40: 34 | Q40: =IF(ISNUMBER(SEARCH("未风化点",A40)),"未风化点",IF(ISNUMBER(SEARCH("严重风化点",A40)),"严重风化点",IF(ISNUMBER(SEARCH("部位",A40)),"不同部位","普通采样点"))) -> 普通采样点 | R40: =VLOOKUP(P40,表单1_清洗!$A$2:$E$59,3,FALSE) -> 铅钡 | S40: =VLOOKUP(P40,表单1_清洗!$A$2:$E$59,5,FALSE) -> 风化 | T40: =IF(ISNUMBER(SEARCH("未风化点",A40)),"无风化",IF(ISNUMBER(SEARCH("严重风化点",A40)),"风化",S40)) -> 风化 | U40: =SUM(B40:O40) -> 97.52 | V40: =IF(AND(U40>=85,U40<=105),"有效","无效") -> 有效 | W40: =COUNTBLANK(B40:O40)+COUNTIF(B40:O40,0) -> 4 | X40: =IF($V40="无效","",IF(B40="",0,B40/$U40*100)) -> 36.68991 | Y40: =IF($V40="无效","",IF(C40="",0,C40/$U40*100)) -> 0 | Z40: =IF($V40="无效","",IF(D40="",0,D40/$U40*100)) -> 0.25635767 | AA40: =IF($V40="无效","",IF(E40="",0,E40/$U40*100)) -> 0.79983593 | AB40: =IF($V40="无效","",IF(F40="",0,F40/$U40*100)) -> 0 | AC40: =IF($V40="无效","",IF(G40="",0,G40/$U40*100)) -> 1.6611977 | AD40: =IF($V40="无效","",IF(H40="",0,H40/$U40*100)) -> 0.48195242 | AE40: =IF($V40="无效","",IF(I40="",0,I40/$U40*100)) -> 1.5484003 | ... AK40: =IF($V40="无效","",IF(O40="",0,O40/$U40*100)) -> 0 | AL40: =IF(V40="有效",SUM(X40:AK40),"") -> 100
A41: 35 | B41: 65.91 | E41: 0.38 | G41: 1.44 | H41: 0.17 | I41: 0.16 | J41: 22.05 | K41: 5.68 | L41: 0.42 | P41: 35 | Q41: =IF(ISNUMBER(SEARCH("未风化点",A41)),"未风化点",IF(ISNUMBER(SEARCH("严重风化点",A41)),"严重风化点",IF(ISNUMBER(SEARCH("部位",A41)),"不同部位","普通采样点"))) -> 普通采样点 | R41: =VLOOKUP(P41,表单1_清洗!$A$2:$E$59,3,FALSE) -> 铅钡 | S41: =VLOOKUP(P41,表单1_清洗!$A$2:$E$59,5,FALSE) -> 无风化 | T41: =IF(ISNUMBER(SEARCH("未风化点",A41)),"无风化",IF(ISNUMBER(SEARCH("严重风化点",A41)),"风化",S41)) -> 无风化 | U41: =SUM(B41:O41) -> 96.21 | V41: =IF(AND(U41>=85,U41<=105),"有效","无效") -> 有效 | W41: =COUNTBLANK(B41:O41)+COUNTIF(B41:O41,0) -> 6 | X41: =IF($V41="无效","",IF(B41="",0,B41/$U41*100)) -> 68.506392 | Y41: =IF($V41="无效","",IF(C41="",0,C41/$U41*100)) -> 0 | Z41: =IF($V41="无效","",IF(D41="",0,D41/$U41*100)) -> 0 | AA41: =IF($V41="无效","",IF(E41="",0,E41/$U41*100)) -> 0.39496934 | AB41: =IF($V41="无效","",IF(F41="",0,F41/$U41*100)) -> 0 | AC41: =IF($V41="无效","",IF(G41="",0,G41/$U41*100)) -> 1.4967259 | AD41: =IF($V41="无效","",IF(H41="",0,H41/$U41*100)) -> 0.17669681 | AE41: =IF($V41="无效","",IF(I41="",0,I41/$U41*100)) -> 0.16630288 | ... AK41: =IF($V41="无效","",IF(O41="",0,O41/$U41*100)) -> 0 | AL41: =IF(V41="有效",SUM(X41:AK41),"") -> 100
A42: 36 | B42: 39.57 | C42: 2.22 | D42: 0.14 | E42: 0.37 | G42: 1.6 | H42: 0.32 | I42: 0.68 | J42: 41.61 | K42: 10.83 | L42: 0.07 | M42: 0.22 | P42: 36 | Q42: =IF(ISNUMBER(SEARCH("未风化点",A42)),"未风化点",IF(ISNUMBER(SEARCH("严重风化点",A42)),"严重风化点",IF(ISNUMBER(SEARCH("部位",A42)),"不同部位","普通采样点"))) -> 普通采样点 | R42: =VLOOKUP(P42,表单1_清洗!$A$2:$E$59,3,FALSE) -> 铅钡 | S42: =VLOOKUP(P42,表单1_清洗!$A$2:$E$59,5,FALSE) -> 风化 | T42: =IF(ISNUMBER(SEARCH("未风化点",A42)),"无风化",IF(ISNUMBER(SEARCH("严重风化点",A42)),"风化",S42)) -> 风化 | U42: =SUM(B42:O42) -> 97.63 | V42: =IF(AND(U42>=85,U42<=105),"有效","无效") -> 有效 | W42: =COUNTBLANK(B42:O42)+COUNTIF(B42:O42,0) -> 3 | X42: =IF($V42="无效","",IF(B42="",0,B42/$U42*100)) -> 40.530575 | Y42: =IF($V42="无效","",IF(C42="",0,C42/$U42*100)) -> 2.2738912 | Z42: =IF($V42="无效","",IF(D42="",0,D42/$U42*100)) -> 0.14339855 | AA42: =IF($V42="无效","",IF(E42="",0,E42/$U42*100)) -> 0.37898187 | AB42: =IF($V42="无效","",IF(F42="",0,F42/$U42*100)) -> 0 | AC42: =IF($V42="无效","",IF(G42="",0,G42/$U42*100)) -> 1.6388405 | AD42: =IF($V42="无效","",IF(H42="",0,H42/$U42*100)) -> 0.3277681 | AE42: =IF($V42="无效","",IF(I42="",0,I42/$U42*100)) -> 0.69650722 | ... AK42: =IF($V42="无效","",IF(O42="",0,O42/$U42*100)) -> 0 | AL42: =IF(V42="有效",SUM(X42:AK42),"") -> 100
A43: 37 | B43: 60.12 | D43: 0.23 | E43: 0.89 | G43: 2.72 | I43: 3.01 | J43: 17.24 | K43: 10.34 | L43: 1.46 | M43: 0.31 | O43: 3.66 | P43: 37 | Q43: =IF(ISNUMBER(SEARCH("未风化点",A43)),"未风化点",IF(ISNUMBER(SEARCH("严重风化点",A43)),"严重风化点",IF(ISNUMBER(SEARCH("部位",A43)),"不同部位","普通采样点"))) -> 普通采样点 | R43: =VLOOKUP(P43,表单1_清洗!$A$2:$E$59,3,FALSE) -> 铅钡 | S43: =VLOOKUP(P43,表单1_清洗!$A$2:$E$59,5,FALSE) -> 无风化 | T43: =IF(ISNUMBER(SEARCH("未风化点",A43)),"无风化",IF(ISNUMBER(SEARCH("严重风化点",A43)),"风化",S43)) -> 无风化 | U43: =SUM(B43:O43) -> 99.98 | V43: =IF(AND(U43>=85,U43<=105),"有效","无效") -> 有效 | W43: =COUNTBLANK(B43:O43)+COUNTIF(B43:O43,0) -> 4 | X43: =IF($V43="无效","",IF(B43="",0,B43/$U43*100)) -> 60.132026 | Y43: =IF($V43="无效","",IF(C43="",0,C43/$U43*100)) -> 0 | Z43: =IF($V43="无效","",IF(D43="",0,D43/$U43*100)) -> 0.23004601 | AA43: =IF($V43="无效","",IF(E43="",0,E43/$U43*100)) -> 0.89017804 | AB43: =IF($V43="无效","",IF(F43="",0,F43/$U43*100)) -> 0 | AC43: =IF($V43="无效","",IF(G43="",0,G43/$U43*100)) -> 2.7205441 | AD43: =IF($V43="无效","",IF(H43="",0,H43/$U43*100)) -> 0 | AE43: =IF($V43="无效","",IF(I43="",0,I43/$U43*100)) -> 3.0106021 | ... AK43: =IF($V43="无效","",IF(O43="",0,O43/$U43*100)) -> 3.6607321 | AL43: =IF(V43="有效",SUM(X43:AK43),"") -> 100
A44: 38 | B44: 32.93 | C44: 1.38 | E44: 0.68 | G44: 2.57 | H44: 0.29 | I44: 0.73 | J44: 49.31 | K44: 9.79 | L44: 0.48 | M44: 0.41 | P44: 38 | Q44: =IF(ISNUMBER(SEARCH("未风化点",A44)),"未风化点",IF(ISNUMBER(SEARCH("严重风化点",A44)),"严重风化点",IF(ISNUMBER(SEARCH("部位",A44)),"不同部位","普通采样点"))) -> 普通采样点 | R44: =VLOOKUP(P44,表单1_清洗!$A$2:$E$59,3,FALSE) -> 铅钡 | S44: =VLOOKUP(P44,表单1_清洗!$A$2:$E$59,5,FALSE) -> 风化 | T44: =IF(ISNUMBER(SEARCH("未风化点",A44)),"无风化",IF(ISNUMBER(SEARCH("严重风化点",A44)),"风化",S44)) -> 风化 | U44: =SUM(B44:O44) -> 98.57 | V44: =IF(AND(U44>=85,U44<=105),"有效","无效") -> 有效 | W44: =COUNTBLANK(B44:O44)+COUNTIF(B44:O44,0) -> 4 | X44: =IF($V44="无效","",IF(B44="",0,B44/$U44*100)) -> 33.407731 | Y44: =IF($V44="无效","",IF(C44="",0,C44/$U44*100)) -> 1.4000203 | Z44: =IF($V44="无效","",IF(D44="",0,D44/$U44*100)) -> 0 | AA44: =IF($V44="无效","",IF(E44="",0,E44/$U44*100)) -> 0.68986507 | AB44: =IF($V44="无效","",IF(F44="",0,F44/$U44*100)) -> 0 | AC44: =IF($V44="无效","",IF(G44="",0,G44/$U44*100)) -> 2.6072842 | AD44: =IF($V44="无效","",IF(H44="",0,H44/$U44*100)) -> 0.29420716 | AE44: =IF($V44="无效","",IF(I44="",0,I44/$U44*100)) -> 0.74059044 | ... AK44: =IF($V44="无效","",IF(O44="",0,O44/$U44*100)) -> 0 | AL44: =IF(V44="有效",SUM(X44:AK44),"") -> 100
A45: 39 | B45: 26.25 | E45: 1.11 | G45: 0.5 | I45: 0.88 | J45: 61.03 | K45: 7.22 | L45: 1.16 | M45: 0.61 | P45: 39 | Q45: =IF(ISNUMBER(SEARCH("未风化点",A45)),"未风化点",IF(ISNUMBER(SEARCH("严重风化点",A45)),"严重风化点",IF(ISNUMBER(SEARCH("部位",A45)),"不同部位","普通采样点"))) -> 普通采样点 | R45: =VLOOKUP(P45,表单1_清洗!$A$2:$E$59,3,FALSE) -> 铅钡 | S45: =VLOOKUP(P45,表单1_清洗!$A$2:$E$59,5,FALSE) -> 风化 | T45: =IF(ISNUMBER(SEARCH("未风化点",A45)),"无风化",IF(ISNUMBER(SEARCH("严重风化点",A45)),"风化",S45)) -> 风化 | U45: =SUM(B45:O45) -> 98.76 | V45: =IF(AND(U45>=85,U45<=105),"有效","无效") -> 有效 | W45: =COUNTBLANK(B45:O45)+COUNTIF(B45:O45,0) -> 6 | X45: =IF($V45="无效","",IF(B45="",0,B45/$U45*100)) -> 26.579587 | Y45: =IF($V45="无效","",IF(C45="",0,C45/$U45*100)) -> 0 | Z45: =IF($V45="无效","",IF(D45="",0,D45/$U45*100)) -> 0 | AA45: =IF($V45="无效","",IF(E45="",0,E45/$U45*100)) -> 1.1239368 | AB45: =IF($V45="无效","",IF(F45="",0,F45/$U45*100)) -> 0 | AC45: =IF($V45="无效","",IF(G45="",0,G45/$U45*100)) -> 0.50627785 | AD45: =IF($V45="无效","",IF(H45="",0,H45/$U45*100)) -> 0 | AE45: =IF($V45="无效","",IF(I45="",0,I45/$U45*100)) -> 0.89104901 | ... AK45: =IF($V45="无效","",IF(O45="",0,O45/$U45*100)) -> 0 | AL45: =IF(V45="有效",SUM(X45:AK45),"") -> 100
A46: 40 | B46: 16.71 | E46: 1.87 | G46: 0.45 | H46: 0.19 | J46: 70.21 | K46: 6.69 | L46: 1.77 | M46: 0.68 | P46: 40 | Q46: =IF(ISNUMBER(SEARCH("未风化点",A46)),"未风化点",IF(ISNUMBER(SEARCH("严重风化点",A46)),"严重风化点",IF(ISNUMBER(SEARCH("部位",A46)),"不同部位","普通采样点"))) -> 普通采样点 | R46: =VLOOKUP(P46,表单1_清洗!$A$2:$E$59,3,FALSE) -> 铅钡 | S46: =VLOOKUP(P46,表单1_清洗!$A$2:$E$59,5,FALSE) -> 风化 | T46: =IF(ISNUMBER(SEARCH("未风化点",A46)),"无风化",IF(ISNUMBER(SEARCH("严重风化点",A46)),"风化",S46)) -> 风化 | U46: =SUM(B46:O46) -> 98.57 | V46: =IF(AND(U46>=85,U46<=105),"有效","无效") -> 有效 | W46: =COUNTBLANK(B46:O46)+COUNTIF(B46:O46,0) -> 6 | X46: =IF($V46="无效","",IF(B46="",0,B46/$U46*100)) -> 16.95242 | Y46: =IF($V46="无效","",IF(C46="",0,C46/$U46*100)) -> 0 | Z46: =IF($V46="无效","",IF(D46="",0,D46/$U46*100)) -> 0 | AA46: =IF($V46="无效","",IF(E46="",0,E46/$U46*100)) -> 1.8971289 | AB46: =IF($V46="无效","",IF(F46="",0,F46/$U46*100)) -> 0 | AC46: =IF($V46="无效","",IF(G46="",0,G46/$U46*100)) -> 0.45652836 | AD46: =IF($V46="无效","",IF(H46="",0,H46/$U46*100)) -> 0.19275642 | AE46: =IF($V46="无效","",IF(I46="",0,I46/$U46*100)) -> 0 | ... AK46: =IF($V46="无效","",IF(O46="",0,O46/$U46*100)) -> 0 | AL46: =IF(V46="有效",SUM(X46:AK46),"") -> 100
A47: 41 | B47: 18.46 | D47: 0.44 | E47: 4.96 | F47: 2.73 | G47: 3.33 | H47: 1.79 | I47: 0.19 | J47: 44.12 | K47: 9.76 | L47: 7.46 | M47: 0.47 | P47: 41 | Q47: =IF(ISNUMBER(SEARCH("未风化点",A47)),"未风化点",IF(ISNUMBER(SEARCH("严重风化点",A47)),"严重风化点",IF(ISNUMBER(SEARCH("部位",A47)),"不同部位","普通采样点"))) -> 普通采样点 | R47: =VLOOKUP(P47,表单1_清洗!$A$2:$E$59,3,FALSE) -> 铅钡 | S47: =VLOOKUP(P47,表单1_清洗!$A$2:$E$59,5,FALSE) -> 风化 | T47: =IF(ISNUMBER(SEARCH("未风化点",A47)),"无风化",IF(ISNUMBER(SEARCH("严重风化点",A47)),"风化",S47)) -> 风化 | U47: =SUM(B47:O47) -> 93.71 | V47: =IF(AND(U47>=85,U47<=105),"有效","无效") -> 有效 | W47: =COUNTBLANK(B47:O47)+COUNTIF(B47:O47,0) -> 3 | X47: =IF($V47="无效","",IF(B47="",0,B47/$U47*100)) -> 19.699072 | Y47: =IF($V47="无效","",IF(C47="",0,C47/$U47*100)) -> 0 | Z47: =IF($V47="无效","",IF(D47="",0,D47/$U47*100)) -> 0.46953367 | AA47: =IF($V47="无效","",IF(E47="",0,E47/$U47*100)) -> 5.292925 | AB47: =IF($V47="无效","",IF(F47="",0,F47/$U47*100)) -> 2.913243 | AC47: =IF($V47="无效","",IF(G47="",0,G47/$U47*100)) -> 3.5535162 | AD47: =IF($V47="无效","",IF(H47="",0,H47/$U47*100)) -> 1.9101483 | AE47: =IF($V47="无效","",IF(I47="",0,I47/$U47*100)) -> 0.20275317 | ... AK47: =IF($V47="无效","",IF(O47="",0,O47/$U47*100)) -> 0 | AL47: =IF(V47="有效",SUM(X47:AK47),"") -> 100
A48: 42未风化点1 | B48: 51.26 | C48: 5.74 | D48: 0.15 | E48: 0.79 | F48: 1.09 | G48: 3.53 | I48: 2.67 | J48: 21.88 | K48: 10.47 | L48: 0.08 | M48: 0.35 | P48: 42 | Q48: =IF(ISNUMBER(SEARCH("未风化点",A48)),"未风化点",IF(ISNUMBER(SEARCH("严重风化点",A48)),"严重风化点",IF(ISNUMBER(SEARCH("部位",A48)),"不同部位","普通采样点"))) -> 未风化点 | R48: =VLOOKUP(P48,表单1_清洗!$A$2:$E$59,3,FALSE) -> 铅钡 | S48: =VLOOKUP(P48,表单1_清洗!$A$2:$E$59,5,FALSE) -> 风化 | T48: =IF(ISNUMBER(SEARCH("未风化点",A48)),"无风化",IF(ISNUMBER(SEARCH("严重风化点",A48)),"风化",S48)) -> 无风化 | U48: =SUM(B48:O48) -> 98.01 | V48: =IF(AND(U48>=85,U48<=105),"有效","无效") -> 有效 | W48: =COUNTBLANK(B48:O48)+COUNTIF(B48:O48,0) -> 3 | X48: =IF($V48="无效","",IF(B48="",0,B48/$U48*100)) -> 52.300786 | Y48: =IF($V48="无效","",IF(C48="",0,C48/$U48*100)) -> 5.8565453 | Z48: =IF($V48="无效","",IF(D48="",0,D48/$U48*100)) -> 0.15304561 | AA48: =IF($V48="无效","",IF(E48="",0,E48/$U48*100)) -> 0.8060402 | AB48: =IF($V48="无效","",IF(F48="",0,F48/$U48*100)) -> 1.1121314 | AC48: =IF($V48="无效","",IF(G48="",0,G48/$U48*100)) -> 3.6016733 | AD48: =IF($V48="无效","",IF(H48="",0,H48/$U48*100)) -> 0 | AE48: =IF($V48="无效","",IF(I48="",0,I48/$U48*100)) -> 2.7242118 | ... AK48: =IF($V48="无效","",IF(O48="",0,O48/$U48*100)) -> 0 | AL48: =IF(V48="有效",SUM(X48:AK48),"") -> 100
A49: 42未风化点2 | B49: 51.33 | C49: 5.68 | D49: 0.35 | F49: 1.16 | G49: 5.66 | I49: 2.72 | J49: 20.12 | K49: 10.88 | P49: 42 | Q49: =IF(ISNUMBER(SEARCH("未风化点",A49)),"未风化点",IF(ISNUMBER(SEARCH("严重风化点",A49)),"严重风化点",IF(ISNUMBER(SEARCH("部位",A49)),"不同部位","普通采样点"))) -> 未风化点 | R49: =VLOOKUP(P49,表单1_清洗!$A$2:$E$59,3,FALSE) -> 铅钡 | S49: =VLOOKUP(P49,表单1_清洗!$A$2:$E$59,5,FALSE) -> 风化 | T49: =IF(ISNUMBER(SEARCH("未风化点",A49)),"无风化",IF(ISNUMBER(SEARCH("严重风化点",A49)),"风化",S49)) -> 无风化 | U49: =SUM(B49:O49) -> 97.9 | V49: =IF(AND(U49>=85,U49<=105),"有效","无效") -> 有效 | W49: =COUNTBLANK(B49:O49)+COUNTIF(B49:O49,0) -> 6 | X49: =IF($V49="无效","",IF(B49="",0,B49/$U49*100)) -> 52.431052 | Y49: =IF($V49="无效","",IF(C49="",0,C49/$U49*100)) -> 5.8018386 | Z49: =IF($V49="无效","",IF(D49="",0,D49/$U49*100)) -> 0.35750766 | AA49: =IF($V49="无效","",IF(E49="",0,E49/$U49*100)) -> 0 | AB49: =IF($V49="无效","",IF(F49="",0,F49/$U49*100)) -> 1.1848825 | AC49: =IF($V49="无效","",IF(G49="",0,G49/$U49*100)) -> 5.7814096 | AD49: =IF($V49="无效","",IF(H49="",0,H49/$U49*100)) -> 0 | AE49: =IF($V49="无效","",IF(I49="",0,I49/$U49*100)) -> 2.7783453 | ... AK49: =IF($V49="无效","",IF(O49="",0,O49/$U49*100)) -> 0 | AL49: =IF(V49="有效",SUM(X49:AK49),"") -> 100
A50: 43部位1 | B50: 12.41 | E50: 5.24 | F50: 0.89 | G50: 2.25 | H50: 0.76 | I50: 5.35 | J50: 59.85 | K50: 7.29 | M50: 0.64 | P50: 43 | Q50: =IF(ISNUMBER(SEARCH("未风化点",A50)),"未风化点",IF(ISNUMBER(SEARCH("严重风化点",A50)),"严重风化点",IF(ISNUMBER(SEARCH("部位",A50)),"不同部位","普通采样点"))) -> 不同部位 | R50: =VLOOKUP(P50,表单1_清洗!$A$2:$E$59,3,FALSE) -> 铅钡 | S50: =VLOOKUP(P50,表单1_清洗!$A$2:$E$59,5,FALSE) -> 风化 | T50: =IF(ISNUMBER(SEARCH("未风化点",A50)),"无风化",IF(ISNUMBER(SEARCH("严重风化点",A50)),"风化",S50)) -> 风化 | U50: =SUM(B50:O50) -> 94.68 | V50: =IF(AND(U50>=85,U50<=105),"有效","无效") -> 有效 | W50: =COUNTBLANK(B50:O50)+COUNTIF(B50:O50,0) -> 5 | X50: =IF($V50="无效","",IF(B50="",0,B50/$U50*100)) -> 13.107309 | Y50: =IF($V50="无效","",IF(C50="",0,C50/$U50*100)) -> 0 | Z50: =IF($V50="无效","",IF(D50="",0,D50/$U50*100)) -> 0 | AA50: =IF($V50="无效","",IF(E50="",0,E50/$U50*100)) -> 5.5344318 | AB50: =IF($V50="无效","",IF(F50="",0,F50/$U50*100)) -> 0.94000845 | AC50: =IF($V50="无效","",IF(G50="",0,G50/$U50*100)) -> 2.3764259 | AD50: =IF($V50="无效","",IF(H50="",0,H50/$U50*100)) -> 0.80270384 | AE50: =IF($V50="无效","",IF(I50="",0,I50/$U50*100)) -> 5.6506126 | ... AK50: =IF($V50="无效","",IF(O50="",0,O50/$U50*100)) -> 0 | AL50: =IF(V50="有效",SUM(X50:AK50),"") -> 100
A51: 43部位2 | B51: 21.7 | E51: 6.4 | F51: 0.95 | G51: 3.41 | H51: 1.39 | I51: 1.51 | J51: 44.75 | K51: 3.26 | L51: 12.83 | M51: 0.47 | P51: 43 | Q51: =IF(ISNUMBER(SEARCH("未风化点",A51)),"未风化点",IF(ISNUMBER(SEARCH("严重风化点",A51)),"严重风化点",IF(ISNUMBER(SEARCH("部位",A51)),"不同部位","普通采样点"))) -> 不同部位 | R51: =VLOOKUP(P51,表单1_清洗!$A$2:$E$59,3,FALSE) -> 铅钡 | S51: =VLOOKUP(P51,表单1_清洗!$A$2:$E$59,5,FALSE) -> 风化 | T51: =IF(ISNUMBER(SEARCH("未风化点",A51)),"无风化",IF(ISNUMBER(SEARCH("严重风化点",A51)),"风化",S51)) -> 风化 | U51: =SUM(B51:O51) -> 96.67 | V51: =IF(AND(U51>=85,U51<=105),"有效","无效") -> 有效 | W51: =COUNTBLANK(B51:O51)+COUNTIF(B51:O51,0) -> 4 | X51: =IF($V51="无效","",IF(B51="",0,B51/$U51*100)) -> 22.447502 | Y51: =IF($V51="无效","",IF(C51="",0,C51/$U51*100)) -> 0 | Z51: =IF($V51="无效","",IF(D51="",0,D51/$U51*100)) -> 0 | AA51: =IF($V51="无效","",IF(E51="",0,E51/$U51*100)) -> 6.6204614 | AB51: =IF($V51="无效","",IF(F51="",0,F51/$U51*100)) -> 0.98272473 | AC51: =IF($V51="无效","",IF(G51="",0,G51/$U51*100)) -> 3.5274646 | AD51: =IF($V51="无效","",IF(H51="",0,H51/$U51*100)) -> 1.4378815 | AE51: =IF($V51="无效","",IF(I51="",0,I51/$U51*100)) -> 1.5620151 | ... AK51: =IF($V51="无效","",IF(O51="",0,O51/$U51*100)) -> 0 | AL51: =IF(V51="有效",SUM(X51:AK51),"") -> 100
A52: 44未风化点 | B52: 60.74 | C52: 3.06 | D52: 0.2 | E52: 2.14 | G52: 12.69 | H52: 0.77 | I52: 0.43 | J52: 13.61 | K52: 5.22 | M52: 0.26 | P52: 44 | Q52: =IF(ISNUMBER(SEARCH("未风化点",A52)),"未风化点",IF(ISNUMBER(SEARCH("严重风化点",A52)),"严重风化点",IF(ISNUMBER(SEARCH("部位",A52)),"不同部位","普通采样点"))) -> 未风化点 | R52: =VLOOKUP(P52,表单1_清洗!$A$2:$E$59,3,FALSE) -> 铅钡 | S52: =VLOOKUP(P52,表单1_清洗!$A$2:$E$59,5,FALSE) -> 风化 | T52: =IF(ISNUMBER(SEARCH("未风化点",A52)),"无风化",IF(ISNUMBER(SEARCH("严重风化点",A52)),"风化",S52)) -> 无风化 | U52: =SUM(B52:O52) -> 99.12 | V52: =IF(AND(U52>=85,U52<=105),"有效","无效") -> 有效 | W52: =COUNTBLANK(B52:O52)+COUNTIF(B52:O52,0) -> 4 | X52: =IF($V52="无效","",IF(B52="",0,B52/$U52*100)) -> 61.279257 | Y52: =IF($V52="无效","",IF(C52="",0,C52/$U52*100)) -> 3.0871671 | Z52: =IF($V52="无效","",IF(D52="",0,D52/$U52*100)) -> 0.20177563 | AA52: =IF($V52="无效","",IF(E52="",0,E52/$U52*100)) -> 2.1589992 | AB52: =IF($V52="无效","",IF(F52="",0,F52/$U52*100)) -> 0 | AC52: =IF($V52="无效","",IF(G52="",0,G52/$U52*100)) -> 12.802663 | AD52: =IF($V52="无效","",IF(H52="",0,H52/$U52*100)) -> 0.77683616 | AE52: =IF($V52="无效","",IF(I52="",0,I52/$U52*100)) -> 0.43381759 | ... AK52: =IF($V52="无效","",IF(O52="",0,O52/$U52*100)) -> 0 | AL52: =IF(V52="有效",SUM(X52:AK52),"") -> 100
A53: 45 | B53: 61.28 | C53: 2.66 | D53: 0.11 | E53: 0.84 | F53: 0.74 | G53: 5 | I53: 0.53 | J53: 15.99 | K53: 10.96 | M53: 0.23 | P53: 45 | Q53: =IF(ISNUMBER(SEARCH("未风化点",A53)),"未风化点",IF(ISNUMBER(SEARCH("严重风化点",A53)),"严重风化点",IF(ISNUMBER(SEARCH("部位",A53)),"不同部位","普通采样点"))) -> 普通采样点 | R53: =VLOOKUP(P53,表单1_清洗!$A$2:$E$59,3,FALSE) -> 铅钡 | S53: =VLOOKUP(P53,表单1_清洗!$A$2:$E$59,5,FALSE) -> 无风化 | T53: =IF(ISNUMBER(SEARCH("未风化点",A53)),"无风化",IF(ISNUMBER(SEARCH("严重风化点",A53)),"风化",S53)) -> 无风化 | U53: =SUM(B53:O53) -> 98.34 | V53: =IF(AND(U53>=85,U53<=105),"有效","无效") -> 有效 | W53: =COUNTBLANK(B53:O53)+COUNTIF(B53:O53,0) -> 4 | X53: =IF($V53="无效","",IF(B53="",0,B53/$U53*100)) -> 62.314419 | Y53: =IF($V53="无效","",IF(C53="",0,C53/$U53*100)) -> 2.7049014 | Z53: =IF($V53="无效","",IF(D53="",0,D53/$U53*100)) -> 0.11185682 | AA53: =IF($V53="无效","",IF(E53="",0,E53/$U53*100)) -> 0.85417938 | AB53: =IF($V53="无效","",IF(F53="",0,F53/$U53*100)) -> 0.75249136 | AC53: =IF($V53="无效","",IF(G53="",0,G53/$U53*100)) -> 5.0844011 | AD53: =IF($V53="无效","",IF(H53="",0,H53/$U53*100)) -> 0 | AE53: =IF($V53="无效","",IF(I53="",0,I53/$U53*100)) -> 0.53894651 | ... AK53: =IF($V53="无效","",IF(O53="",0,O53/$U53*100)) -> 0 | AL53: =IF(V53="有效",SUM(X53:AK53),"") -> 100
A54: 46 | B54: 55.21 | D54: 0.25 | F54: 1.67 | G54: 4.79 | I54: 0.77 | J54: 25.25 | K54: 10.06 | L54: 0.2 | M54: 0.43 | P54: 46 | Q54: =IF(ISNUMBER(SEARCH("未风化点",A54)),"未风化点",IF(ISNUMBER(SEARCH("严重风化点",A54)),"严重风化点",IF(ISNUMBER(SEARCH("部位",A54)),"不同部位","普通采样点"))) -> 普通采样点 | R54: =VLOOKUP(P54,表单1_清洗!$A$2:$E$59,3,FALSE) -> 铅钡 | S54: =VLOOKUP(P54,表单1_清洗!$A$2:$E$59,5,FALSE) -> 无风化 | T54: =IF(ISNUMBER(SEARCH("未风化点",A54)),"无风化",IF(ISNUMBER(SEARCH("严重风化点",A54)),"风化",S54)) -> 无风化 | U54: =SUM(B54:O54) -> 98.63 | V54: =IF(AND(U54>=85,U54<=105),"有效","无效") -> 有效 | W54: =COUNTBLANK(B54:O54)+COUNTIF(B54:O54,0) -> 5 | X54: =IF($V54="无效","",IF(B54="",0,B54/$U54*100)) -> 55.976883 | Y54: =IF($V54="无效","",IF(C54="",0,C54/$U54*100)) -> 0 | Z54: =IF($V54="无效","",IF(D54="",0,D54/$U54*100)) -> 0.25347257 | AA54: =IF($V54="无效","",IF(E54="",0,E54/$U54*100)) -> 0 | AB54: =IF($V54="无效","",IF(F54="",0,F54/$U54*100)) -> 1.6931968 | AC54: =IF($V54="无效","",IF(G54="",0,G54/$U54*100)) -> 4.8565345 | AD54: =IF($V54="无效","",IF(H54="",0,H54/$U54*100)) -> 0 | AE54: =IF($V54="无效","",IF(I54="",0,I54/$U54*100)) -> 0.78069553 | ... AK54: =IF($V54="无效","",IF(O54="",0,O54/$U54*100)) -> 0 | AL54: =IF(V54="有效",SUM(X54:AK54),"") -> 100
A55: 47 | B55: 51.54 | C55: 4.66 | D55: 0.29 | E55: 0.87 | F55: 0.61 | G55: 3.06 | I55: 0.65 | J55: 25.4 | K55: 9.23 | L55: 0.1 | M55: 0.85 | P55: 47 | Q55: =IF(ISNUMBER(SEARCH("未风化点",A55)),"未风化点",IF(ISNUMBER(SEARCH("严重风化点",A55)),"严重风化点",IF(ISNUMBER(SEARCH("部位",A55)),"不同部位","普通采样点"))) -> 普通采样点 | R55: =VLOOKUP(P55,表单1_清洗!$A$2:$E$59,3,FALSE) -> 铅钡 | S55: =VLOOKUP(P55,表单1_清洗!$A$2:$E$59,5,FALSE) -> 无风化 | T55: =IF(ISNUMBER(SEARCH("未风化点",A55)),"无风化",IF(ISNUMBER(SEARCH("严重风化点",A55)),"风化",S55)) -> 无风化 | U55: =SUM(B55:O55) -> 97.26 | V55: =IF(AND(U55>=85,U55<=105),"有效","无效") -> 有效 | W55: =COUNTBLANK(B55:O55)+COUNTIF(B55:O55,0) -> 3 | X55: =IF($V55="无效","",IF(B55="",0,B55/$U55*100)) -> 52.99198 | Y55: =IF($V55="无效","",IF(C55="",0,C55/$U55*100)) -> 4.7912811 | Z55: =IF($V55="无效","",IF(D55="",0,D55/$U55*100)) -> 0.29816985 | AA55: =IF($V55="无效","",IF(E55="",0,E55/$U55*100)) -> 0.89450956 | AB55: =IF($V55="无效","",IF(F55="",0,F55/$U55*100)) -> 0.62718487 | AC55: =IF($V55="无效","",IF(G55="",0,G55/$U55*100)) -> 3.146206 | AD55: =IF($V55="无效","",IF(H55="",0,H55/$U55*100)) -> 0 | AE55: =IF($V55="无效","",IF(I55="",0,I55/$U55*100)) -> 0.66831174 | ... AK55: =IF($V55="无效","",IF(O55="",0,O55/$U55*100)) -> 0 | AL55: =IF(V55="有效",SUM(X55:AK55),"") -> 100
A56: 48 | B56: 53.33 | C56: 0.8 | D56: 0.32 | E56: 2.82 | F56: 1.54 | G56: 13.65 | H56: 1.03 | J56: 15.71 | K56: 7.31 | L56: 1.1 | M56: 0.25 | N56: 1.31 | P56: 48 | Q56: =IF(ISNUMBER(SEARCH("未风化点",A56)),"未风化点",IF(ISNUMBER(SEARCH("严重风化点",A56)),"严重风化点",IF(ISNUMBER(SEARCH("部位",A56)),"不同部位","普通采样点"))) -> 普通采样点 | R56: =VLOOKUP(P56,表单1_清洗!$A$2:$E$59,3,FALSE) -> 铅钡 | S56: =VLOOKUP(P56,表单1_清洗!$A$2:$E$59,5,FALSE) -> 风化 | T56: =IF(ISNUMBER(SEARCH("未风化点",A56)),"无风化",IF(ISNUMBER(SEARCH("严重风化点",A56)),"风化",S56)) -> 风化 | U56: =SUM(B56:O56) -> 99.17 | V56: =IF(AND(U56>=85,U56<=105),"有效","无效") -> 有效 | W56: =COUNTBLANK(B56:O56)+COUNTIF(B56:O56,0) -> 2 | X56: =IF($V56="无效","",IF(B56="",0,B56/$U56*100)) -> 53.776344 | Y56: =IF($V56="无效","",IF(C56="",0,C56/$U56*100)) -> 0.80669557 | Z56: =IF($V56="无效","",IF(D56="",0,D56/$U56*100)) -> 0.32267823 | AA56: =IF($V56="无效","",IF(E56="",0,E56/$U56*100)) -> 2.8436019 | AB56: =IF($V56="无效","",IF(F56="",0,F56/$U56*100)) -> 1.552889 | AC56: =IF($V56="无效","",IF(G56="",0,G56/$U56*100)) -> 13.764243 | AD56: =IF($V56="无效","",IF(H56="",0,H56/$U56*100)) -> 1.0386206 | AE56: =IF($V56="无效","",IF(I56="",0,I56/$U56*100)) -> 0 | ... AK56: =IF($V56="无效","",IF(O56="",0,O56/$U56*100)) -> 0 | AL56: =IF(V56="有效",SUM(X56:AK56),"") -> 100
A57: 49 | B57: 28.79 | E57: 4.58 | F57: 1.47 | G57: 5.38 | H57: 2.74 | I57: 0.7 | J57: 34.18 | K57: 6.1 | L57: 11.1 | M57: 0.46 | P57: 49 | Q57: =IF(ISNUMBER(SEARCH("未风化点",A57)),"未风化点",IF(ISNUMBER(SEARCH("严重风化点",A57)),"严重风化点",IF(ISNUMBER(SEARCH("部位",A57)),"不同部位","普通采样点"))) -> 普通采样点 | R57: =VLOOKUP(P57,表单1_清洗!$A$2:$E$59,3,FALSE) -> 铅钡 | S57: =VLOOKUP(P57,表单1_清洗!$A$2:$E$59,5,FALSE) -> 风化 | T57: =IF(ISNUMBER(SEARCH("未风化点",A57)),"无风化",IF(ISNUMBER(SEARCH("严重风化点",A57)),"风化",S57)) -> 风化 | U57: =SUM(B57:O57) -> 95.5 | V57: =IF(AND(U57>=85,U57<=105),"有效","无效") -> 有效 | W57: =COUNTBLANK(B57:O57)+COUNTIF(B57:O57,0) -> 4 | X57: =IF($V57="无效","",IF(B57="",0,B57/$U57*100)) -> 30.146597 | Y57: =IF($V57="无效","",IF(C57="",0,C57/$U57*100)) -> 0 | Z57: =IF($V57="无效","",IF(D57="",0,D57/$U57*100)) -> 0 | AA57: =IF($V57="无效","",IF(E57="",0,E57/$U57*100)) -> 4.7958115 | AB57: =IF($V57="无效","",IF(F57="",0,F57/$U57*100)) -> 1.539267 | AC57: =IF($V57="无效","",IF(G57="",0,G57/$U57*100)) -> 5.6335079 | AD57: =IF($V57="无效","",IF(H57="",0,H57/$U57*100)) -> 2.8691099 | AE57: =IF($V57="无效","",IF(I57="",0,I57/$U57*100)) -> 0.73298429 | ... AK57: =IF($V57="无效","",IF(O57="",0,O57/$U57*100)) -> 0 | AL57: =IF(V57="有效",SUM(X57:AK57),"") -> 100
A58: 49未风化点 | B58: 54.61 | D58: 0.3 | E58: 2.08 | F58: 1.2 | G58: 6.5 | H58: 1.27 | I58: 0.45 | J58: 23.02 | K58: 4.19 | L58: 4.32 | M58: 0.3 | P58: 49 | Q58: =IF(ISNUMBER(SEARCH("未风化点",A58)),"未风化点",IF(ISNUMBER(SEARCH("严重风化点",A58)),"严重风化点",IF(ISNUMBER(SEARCH("部位",A58)),"不同部位","普通采样点"))) -> 未风化点 | R58: =VLOOKUP(P58,表单1_清洗!$A$2:$E$59,3,FALSE) -> 铅钡 | S58: =VLOOKUP(P58,表单1_清洗!$A$2:$E$59,5,FALSE) -> 风化 | T58: =IF(ISNUMBER(SEARCH("未风化点",A58)),"无风化",IF(ISNUMBER(SEARCH("严重风化点",A58)),"风化",S58)) -> 无风化 | U58: =SUM(B58:O58) -> 98.24 | V58: =IF(AND(U58>=85,U58<=105),"有效","无效") -> 有效 | W58: =COUNTBLANK(B58:O58)+COUNTIF(B58:O58,0) -> 3 | X58: =IF($V58="无效","",IF(B58="",0,B58/$U58*100)) -> 55.588355 | Y58: =IF($V58="无效","",IF(C58="",0,C58/$U58*100)) -> 0 | Z58: =IF($V58="无效","",IF(D58="",0,D58/$U58*100)) -> 0.30537459 | AA58: =IF($V58="无效","",IF(E58="",0,E58/$U58*100)) -> 2.1172638 | AB58: =IF($V58="无效","",IF(F58="",0,F58/$U58*100)) -> 1.2214984 | AC58: =IF($V58="无效","",IF(G58="",0,G58/$U58*100)) -> 6.6164495 | AD58: =IF($V58="无效","",IF(H58="",0,H58/$U58*100)) -> 1.2927524 | AE58: =IF($V58="无效","",IF(I58="",0,I58/$U58*100)) -> 0.45806189 | ... AK58: =IF($V58="无效","",IF(O58="",0,O58/$U58*100)) -> 0 | AL58: =IF(V58="有效",SUM(X58:AK58),"") -> 100
A59: 50 | B59: 17.98 | E59: 3.19 | F59: 0.47 | G59: 1.87 | H59: 0.33 | I59: 1.13 | J59: 44 | K59: 14.2 | L59: 6.34 | M59: 0.66 | P59: 50 | Q59: =IF(ISNUMBER(SEARCH("未风化点",A59)),"未风化点",IF(ISNUMBER(SEARCH("严重风化点",A59)),"严重风化点",IF(ISNUMBER(SEARCH("部位",A59)),"不同部位","普通采样点"))) -> 普通采样点 | R59: =VLOOKUP(P59,表单1_清洗!$A$2:$E$59,3,FALSE) -> 铅钡 | S59: =VLOOKUP(P59,表单1_清洗!$A$2:$E$59,5,FALSE) -> 风化 | T59: =IF(ISNUMBER(SEARCH("未风化点",A59)),"无风化",IF(ISNUMBER(SEARCH("严重风化点",A59)),"风化",S59)) -> 风化 | U59: =SUM(B59:O59) -> 90.17 | V59: =IF(AND(U59>=85,U59<=105),"有效","无效") -> 有效 | W59: =COUNTBLANK(B59:O59)+COUNTIF(B59:O59,0) -> 4 | X59: =IF($V59="无效","",IF(B59="",0,B59/$U59*100)) -> 19.940113 | Y59: =IF($V59="无效","",IF(C59="",0,C59/$U59*100)) -> 0 | Z59: =IF($V59="无效","",IF(D59="",0,D59/$U59*100)) -> 0 | AA59: =IF($V59="无效","",IF(E59="",0,E59/$U59*100)) -> 3.537762 | AB59: =IF($V59="无效","",IF(F59="",0,F59/$U59*100)) -> 0.52123766 | AC59: =IF($V59="无效","",IF(G59="",0,G59/$U59*100)) -> 2.0738605 | AD59: =IF($V59="无效","",IF(H59="",0,H59/$U59*100)) -> 0.36597538 | AE59: =IF($V59="无效","",IF(I59="",0,I59/$U59*100)) -> 1.2531884 | ... AK59: =IF($V59="无效","",IF(O59="",0,O59/$U59*100)) -> 0 | AL59: =IF(V59="有效",SUM(X59:AK59),"") -> 100
A60: 50未风化点 | B60: 45.02 | E60: 3.12 | F60: 0.54 | G60: 4.16 | I60: 0.7 | J60: 30.61 | K60: 6.22 | L60: 6.34 | M60: 0.23 | P60: 50 | Q60: =IF(ISNUMBER(SEARCH("未风化点",A60)),"未风化点",IF(ISNUMBER(SEARCH("严重风化点",A60)),"严重风化点",IF(ISNUMBER(SEARCH("部位",A60)),"不同部位","普通采样点"))) -> 未风化点 | R60: =VLOOKUP(P60,表单1_清洗!$A$2:$E$59,3,FALSE) -> 铅钡 | S60: =VLOOKUP(P60,表单1_清洗!$A$2:$E$59,5,FALSE) -> 风化 | T60: =IF(ISNUMBER(SEARCH("未风化点",A60)),"无风化",IF(ISNUMBER(SEARCH("严重风化点",A60)),"风化",S60)) -> 无风化 | U60: =SUM(B60:O60) -> 96.94 | V60: =IF(AND(U60>=85,U60<=105),"有效","无效") -> 有效 | W60: =COUNTBLANK(B60:O60)+COUNTIF(B60:O60,0) -> 5 | X60: =IF($V60="无效","",IF(B60="",0,B60/$U60*100)) -> 46.441098 | Y60: =IF($V60="无效","",IF(C60="",0,C60/$U60*100)) -> 0 | Z60: =IF($V60="无效","",IF(D60="",0,D60/$U60*100)) -> 0 | AA60: =IF($V60="无效","",IF(E60="",0,E60/$U60*100)) -> 3.2184857 | AB60: =IF($V60="无效","",IF(F60="",0,F60/$U60*100)) -> 0.5570456 | AC60: =IF($V60="无效","",IF(G60="",0,G60/$U60*100)) -> 4.2913142 | AD60: =IF($V60="无效","",IF(H60="",0,H60/$U60*100)) -> 0 | AE60: =IF($V60="无效","",IF(I60="",0,I60/$U60*100)) -> 0.72209614 | ... AK60: =IF($V60="无效","",IF(O60="",0,O60/$U60*100)) -> 0 | AL60: =IF(V60="有效",SUM(X60:AK60),"") -> 100
A61: 51部位1 | B61: 24.61 | E61: 3.58 | F61: 1.19 | G61: 5.25 | H61: 1.19 | I61: 1.37 | J61: 40.24 | K61: 8.94 | L61: 8.1 | M61: 0.39 | N61: 0.47 | P61: 51 | Q61: =IF(ISNUMBER(SEARCH("未风化点",A61)),"未风化点",IF(ISNUMBER(SEARCH("严重风化点",A61)),"严重风化点",IF(ISNUMBER(SEARCH("部位",A61)),"不同部位","普通采样点"))) -> 不同部位 | R61: =VLOOKUP(P61,表单1_清洗!$A$2:$E$59,3,FALSE) -> 铅钡 | S61: =VLOOKUP(P61,表单1_清洗!$A$2:$E$59,5,FALSE) -> 风化 | T61: =IF(ISNUMBER(SEARCH("未风化点",A61)),"无风化",IF(ISNUMBER(SEARCH("严重风化点",A61)),"风化",S61)) -> 风化 | U61: =SUM(B61:O61) -> 95.33 | V61: =IF(AND(U61>=85,U61<=105),"有效","无效") -> 有效 | W61: =COUNTBLANK(B61:O61)+COUNTIF(B61:O61,0) -> 3 | X61: =IF($V61="无效","",IF(B61="",0,B61/$U61*100)) -> 25.815588 | Y61: =IF($V61="无效","",IF(C61="",0,C61/$U61*100)) -> 0 | Z61: =IF($V61="无效","",IF(D61="",0,D61/$U61*100)) -> 0 | AA61: =IF($V61="无效","",IF(E61="",0,E61/$U61*100)) -> 3.7553761 | AB61: =IF($V61="无效","",IF(F61="",0,F61/$U61*100)) -> 1.2482954 | AC61: =IF($V61="无效","",IF(G61="",0,G61/$U61*100)) -> 5.5071856 | AD61: =IF($V61="无效","",IF(H61="",0,H61/$U61*100)) -> 1.2482954 | AE61: =IF($V61="无效","",IF(I61="",0,I61/$U61*100)) -> 1.4371132 | ... AK61: =IF($V61="无效","",IF(O61="",0,O61/$U61*100)) -> 0 | AL61: =IF(V61="有效",SUM(X61:AK61),"") -> 100
A62: 51部位2 | B62: 21.35 | E62: 5.13 | F62: 1.45 | G62: 2.51 | H62: 0.42 | I62: 0.75 | J62: 51.34 | L62: 8.75 | P62: 51 | Q62: =IF(ISNUMBER(SEARCH("未风化点",A62)),"未风化点",IF(ISNUMBER(SEARCH("严重风化点",A62)),"严重风化点",IF(ISNUMBER(SEARCH("部位",A62)),"不同部位","普通采样点"))) -> 不同部位 | R62: =VLOOKUP(P62,表单1_清洗!$A$2:$E$59,3,FALSE) -> 铅钡 | S62: =VLOOKUP(P62,表单1_清洗!$A$2:$E$59,5,FALSE) -> 风化 | T62: =IF(ISNUMBER(SEARCH("未风化点",A62)),"无风化",IF(ISNUMBER(SEARCH("严重风化点",A62)),"风化",S62)) -> 风化 | U62: =SUM(B62:O62) -> 91.7 | V62: =IF(AND(U62>=85,U62<=105),"有效","无效") -> 有效 | W62: =COUNTBLANK(B62:O62)+COUNTIF(B62:O62,0) -> 6 | X62: =IF($V62="无效","",IF(B62="",0,B62/$U62*100)) -> 23.282443 | Y62: =IF($V62="无效","",IF(C62="",0,C62/$U62*100)) -> 0 | Z62: =IF($V62="无效","",IF(D62="",0,D62/$U62*100)) -> 0 | AA62: =IF($V62="无效","",IF(E62="",0,E62/$U62*100)) -> 5.5943293 | AB62: =IF($V62="无效","",IF(F62="",0,F62/$U62*100)) -> 1.5812432 | AC62: =IF($V62="无效","",IF(G62="",0,G62/$U62*100)) -> 2.7371865 | AD62: =IF($V62="无效","",IF(H62="",0,H62/$U62*100)) -> 0.45801527 | AE62: =IF($V62="无效","",IF(I62="",0,I62/$U62*100)) -> 0.81788441 | ... AK62: =IF($V62="无效","",IF(O62="",0,O62/$U62*100)) -> 0 | AL62: =IF(V62="有效",SUM(X62:AK62),"") -> 100
A63: 52 | B63: 25.74 | C63: 1.22 | E63: 2.27 | F63: 0.55 | G63: 1.16 | H63: 0.23 | I63: 0.7 | J63: 47.42 | K63: 8.64 | L63: 5.71 | M63: 0.44 | P63: 52 | Q63: =IF(ISNUMBER(SEARCH("未风化点",A63)),"未风化点",IF(ISNUMBER(SEARCH("严重风化点",A63)),"严重风化点",IF(ISNUMBER(SEARCH("部位",A63)),"不同部位","普通采样点"))) -> 普通采样点 | R63: =VLOOKUP(P63,表单1_清洗!$A$2:$E$59,3,FALSE) -> 铅钡 | S63: =VLOOKUP(P63,表单1_清洗!$A$2:$E$59,5,FALSE) -> 风化 | T63: =IF(ISNUMBER(SEARCH("未风化点",A63)),"无风化",IF(ISNUMBER(SEARCH("严重风化点",A63)),"风化",S63)) -> 风化 | U63: =SUM(B63:O63) -> 94.08 | V63: =IF(AND(U63>=85,U63<=105),"有效","无效") -> 有效 | W63: =COUNTBLANK(B63:O63)+COUNTIF(B63:O63,0) -> 3 | X63: =IF($V63="无效","",IF(B63="",0,B63/$U63*100)) -> 27.359694 | Y63: =IF($V63="无效","",IF(C63="",0,C63/$U63*100)) -> 1.2967687 | Z63: =IF($V63="无效","",IF(D63="",0,D63/$U63*100)) -> 0 | AA63: =IF($V63="无效","",IF(E63="",0,E63/$U63*100)) -> 2.4128401 | AB63: =IF($V63="无效","",IF(F63="",0,F63/$U63*100)) -> 0.58460884 | AC63: =IF($V63="无效","",IF(G63="",0,G63/$U63*100)) -> 1.2329932 | AD63: =IF($V63="无效","",IF(H63="",0,H63/$U63*100)) -> 0.24447279 | AE63: =IF($V63="无效","",IF(I63="",0,I63/$U63*100)) -> 0.74404762 | ... AK63: =IF($V63="无效","",IF(O63="",0,O63/$U63*100)) -> 0 | AL63: =IF(V63="有效",SUM(X63:AK63),"") -> 100
A64: 53未风化点 | B64: 63.66 | C64: 3.04 | D64: 0.11 | E64: 0.78 | F64: 1.14 | G64: 6.06 | I64: 0.54 | J64: 13.66 | K64: 8.99 | M64: 0.27 | P64: 53 | Q64: =IF(ISNUMBER(SEARCH("未风化点",A64)),"未风化点",IF(ISNUMBER(SEARCH("严重风化点",A64)),"严重风化点",IF(ISNUMBER(SEARCH("部位",A64)),"不同部位","普通采样点"))) -> 未风化点 | R64: =VLOOKUP(P64,表单1_清洗!$A$2:$E$59,3,FALSE) -> 铅钡 | S64: =VLOOKUP(P64,表单1_清洗!$A$2:$E$59,5,FALSE) -> 风化 | T64: =IF(ISNUMBER(SEARCH("未风化点",A64)),"无风化",IF(ISNUMBER(SEARCH("严重风化点",A64)),"风化",S64)) -> 无风化 | U64: =SUM(B64:O64) -> 98.25 | V64: =IF(AND(U64>=85,U64<=105),"有效","无效") -> 有效 | W64: =COUNTBLANK(B64:O64)+COUNTIF(B64:O64,0) -> 4 | X64: =IF($V64="无效","",IF(B64="",0,B64/$U64*100)) -> 64.793893 | Y64: =IF($V64="无效","",IF(C64="",0,C64/$U64*100)) -> 3.0941476 | Z64: =IF($V64="无效","",IF(D64="",0,D64/$U64*100)) -> 0.11195929 | AA64: =IF($V64="无效","",IF(E64="",0,E64/$U64*100)) -> 0.79389313 | AB64: =IF($V64="无效","",IF(F64="",0,F64/$U64*100)) -> 1.1603053 | AC64: =IF($V64="无效","",IF(G64="",0,G64/$U64*100)) -> 6.1679389 | AD64: =IF($V64="无效","",IF(H64="",0,H64/$U64*100)) -> 0 | AE64: =IF($V64="无效","",IF(I64="",0,I64/$U64*100)) -> 0.54961832 | ... AK64: =IF($V64="无效","",IF(O64="",0,O64/$U64*100)) -> 0 | AL64: =IF(V64="有效",SUM(X64:AK64),"") -> 100
A65: 54 | B65: 22.28 | D65: 0.32 | E65: 3.19 | F65: 1.28 | G65: 4.15 | I65: 0.83 | J65: 55.46 | K65: 7.04 | L65: 4.24 | M65: 0.88 | P65: 54 | Q65: =IF(ISNUMBER(SEARCH("未风化点",A65)),"未风化点",IF(ISNUMBER(SEARCH("严重风化点",A65)),"严重风化点",IF(ISNUMBER(SEARCH("部位",A65)),"不同部位","普通采样点"))) -> 普通采样点 | R65: =VLOOKUP(P65,表单1_清洗!$A$2:$E$59,3,FALSE) -> 铅钡 | S65: =VLOOKUP(P65,表单1_清洗!$A$2:$E$59,5,FALSE) -> 风化 | T65: =IF(ISNUMBER(SEARCH("未风化点",A65)),"无风化",IF(ISNUMBER(SEARCH("严重风化点",A65)),"风化",S65)) -> 风化 | U65: =SUM(B65:O65) -> 99.67 | V65: =IF(AND(U65>=85,U65<=105),"有效","无效") -> 有效 | W65: =COUNTBLANK(B65:O65)+COUNTIF(B65:O65,0) -> 4 | X65: =IF($V65="无效","",IF(B65="",0,B65/$U65*100)) -> 22.353767 | Y65: =IF($V65="无效","",IF(C65="",0,C65/$U65*100)) -> 0 | Z65: =IF($V65="无效","",IF(D65="",0,D65/$U65*100)) -> 0.3210595 | AA65: =IF($V65="无效","",IF(E65="",0,E65/$U65*100)) -> 3.2005619 | AB65: =IF($V65="无效","",IF(F65="",0,F65/$U65*100)) -> 1.284238 | AC65: =IF($V65="无效","",IF(G65="",0,G65/$U65*100)) -> 4.1637403 | AD65: =IF($V65="无效","",IF(H65="",0,H65/$U65*100)) -> 0 | AE65: =IF($V65="无效","",IF(I65="",0,I65/$U65*100)) -> 0.83274807 | ... AK65: =IF($V65="无效","",IF(O65="",0,O65/$U65*100)) -> 0 | AL65: =IF(V65="有效",SUM(X65:AK65),"") -> 100
A66: 54严重风化点 | B66: 17.11 | F66: 1.11 | G66: 3.65 | I66: 1.34 | J66: 58.46 | L66: 14.13 | M66: 1.12 | P66: 54 | Q66: =IF(ISNUMBER(SEARCH("未风化点",A66)),"未风化点",IF(ISNUMBER(SEARCH("严重风化点",A66)),"严重风化点",IF(ISNUMBER(SEARCH("部位",A66)),"不同部位","普通采样点"))) -> 严重风化点 | R66: =VLOOKUP(P66,表单1_清洗!$A$2:$E$59,3,FALSE) -> 铅钡 | S66: =VLOOKUP(P66,表单1_清洗!$A$2:$E$59,5,FALSE) -> 风化 | T66: =IF(ISNUMBER(SEARCH("未风化点",A66)),"无风化",IF(ISNUMBER(SEARCH("严重风化点",A66)),"风化",S66)) -> 风化 | U66: =SUM(B66:O66) -> 96.92 | V66: =IF(AND(U66>=85,U66<=105),"有效","无效") -> 有效 | W66: =COUNTBLANK(B66:O66)+COUNTIF(B66:O66,0) -> 7 | X66: =IF($V66="无效","",IF(B66="",0,B66/$U66*100)) -> 17.653735 | Y66: =IF($V66="无效","",IF(C66="",0,C66/$U66*100)) -> 0 | Z66: =IF($V66="无效","",IF(D66="",0,D66/$U66*100)) -> 0 | AA66: =IF($V66="无效","",IF(E66="",0,E66/$U66*100)) -> 0 | AB66: =IF($V66="无效","",IF(F66="",0,F66/$U66*100)) -> 1.1452745 | AC66: =IF($V66="无效","",IF(G66="",0,G66/$U66*100)) -> 3.7659926 | AD66: =IF($V66="无效","",IF(H66="",0,H66/$U66*100)) -> 0 | AE66: =IF($V66="无效","",IF(I66="",0,I66/$U66*100)) -> 1.3825836 | ... AK66: =IF($V66="无效","",IF(O66="",0,O66/$U66*100)) -> 0 | AL66: =IF(V66="有效",SUM(X66:AK66),"") -> 100
A67: 55 | B67: 49.01 | C67: 2.71 | E67: 1.13 | G67: 1.45 | I67: 0.86 | J67: 32.92 | K67: 7.95 | L67: 0.35 | P67: 55 | Q67: =IF(ISNUMBER(SEARCH("未风化点",A67)),"未风化点",IF(ISNUMBER(SEARCH("严重风化点",A67)),"严重风化点",IF(ISNUMBER(SEARCH("部位",A67)),"不同部位","普通采样点"))) -> 普通采样点 | R67: =VLOOKUP(P67,表单1_清洗!$A$2:$E$59,3,FALSE) -> 铅钡 | S67: =VLOOKUP(P67,表单1_清洗!$A$2:$E$59,5,FALSE) -> 无风化 | T67: =IF(ISNUMBER(SEARCH("未风化点",A67)),"无风化",IF(ISNUMBER(SEARCH("严重风化点",A67)),"风化",S67)) -> 无风化 | U67: =SUM(B67:O67) -> 96.38 | V67: =IF(AND(U67>=85,U67<=105),"有效","无效") -> 有效 | W67: =COUNTBLANK(B67:O67)+COUNTIF(B67:O67,0) -> 6 | X67: =IF($V67="无效","",IF(B67="",0,B67/$U67*100)) -> 50.850799 | Y67: =IF($V67="无效","",IF(C67="",0,C67/$U67*100)) -> 2.8117867 | Z67: =IF($V67="无效","",IF(D67="",0,D67/$U67*100)) -> 0 | AA67: =IF($V67="无效","",IF(E67="",0,E67/$U67*100)) -> 1.1724424 | AB67: =IF($V67="无效","",IF(F67="",0,F67/$U67*100)) -> 0 | AC67: =IF($V67="无效","",IF(G67="",0,G67/$U67*100)) -> 1.5044615 | AD67: =IF($V67="无效","",IF(H67="",0,H67/$U67*100)) -> 0 | AE67: =IF($V67="无效","",IF(I67="",0,I67/$U67*100)) -> 0.89230131 | ... AK67: =IF($V67="无效","",IF(O67="",0,O67/$U67*100)) -> 0 | AL67: =IF(V67="有效",SUM(X67:AK67),"") -> 100
A68: 56 | B68: 29.15 | E68: 1.21 | G68: 1.85 | I68: 0.79 | J68: 41.25 | K68: 15.45 | L68: 2.54 | P68: 56 | Q68: =IF(ISNUMBER(SEARCH("未风化点",A68)),"未风化点",IF(ISNUMBER(SEARCH("严重风化点",A68)),"严重风化点",IF(ISNUMBER(SEARCH("部位",A68)),"不同部位","普通采样点"))) -> 普通采样点 | R68: =VLOOKUP(P68,表单1_清洗!$A$2:$E$59,3,FALSE) -> 铅钡 | S68: =VLOOKUP(P68,表单1_清洗!$A$2:$E$59,5,FALSE) -> 风化 | T68: =IF(ISNUMBER(SEARCH("未风化点",A68)),"无风化",IF(ISNUMBER(SEARCH("严重风化点",A68)),"风化",S68)) -> 风化 | U68: =SUM(B68:O68) -> 92.24 | V68: =IF(AND(U68>=85,U68<=105),"有效","无效") -> 有效 | W68: =COUNTBLANK(B68:O68)+COUNTIF(B68:O68,0) -> 7 | X68: =IF($V68="无效","",IF(B68="",0,B68/$U68*100)) -> 31.602342 | Y68: =IF($V68="无效","",IF(C68="",0,C68/$U68*100)) -> 0 | Z68: =IF($V68="无效","",IF(D68="",0,D68/$U68*100)) -> 0 | AA68: =IF($V68="无效","",IF(E68="",0,E68/$U68*100)) -> 1.3117953 | AB68: =IF($V68="无效","",IF(F68="",0,F68/$U68*100)) -> 0 | AC68: =IF($V68="无效","",IF(G68="",0,G68/$U68*100)) -> 2.0056375 | AD68: =IF($V68="无效","",IF(H68="",0,H68/$U68*100)) -> 0 | AE68: =IF($V68="无效","",IF(I68="",0,I68/$U68*100)) -> 0.85646141 | ... AK68: =IF($V68="无效","",IF(O68="",0,O68/$U68*100)) -> 0 | AL68: =IF(V68="有效",SUM(X68:AK68),"") -> 100
A69: 57 | B69: 25.42 | E69: 1.31 | G69: 2.18 | I69: 1.16 | J69: 45.1 | K69: 17.3 | P69: 57 | Q69: =IF(ISNUMBER(SEARCH("未风化点",A69)),"未风化点",IF(ISNUMBER(SEARCH("严重风化点",A69)),"严重风化点",IF(ISNUMBER(SEARCH("部位",A69)),"不同部位","普通采样点"))) -> 普通采样点 | R69: =VLOOKUP(P69,表单1_清洗!$A$2:$E$59,3,FALSE) -> 铅钡 | S69: =VLOOKUP(P69,表单1_清洗!$A$2:$E$59,5,FALSE) -> 风化 | T69: =IF(ISNUMBER(SEARCH("未风化点",A69)),"无风化",IF(ISNUMBER(SEARCH("严重风化点",A69)),"风化",S69)) -> 风化 | U69: =SUM(B69:O69) -> 92.47 | V69: =IF(AND(U69>=85,U69<=105),"有效","无效") -> 有效 | W69: =COUNTBLANK(B69:O69)+COUNTIF(B69:O69,0) -> 8 | X69: =IF($V69="无效","",IF(B69="",0,B69/$U69*100)) -> 27.489997 | Y69: =IF($V69="无效","",IF(C69="",0,C69/$U69*100)) -> 0 | Z69: =IF($V69="无效","",IF(D69="",0,D69/$U69*100)) -> 0 | AA69: =IF($V69="无效","",IF(E69="",0,E69/$U69*100)) -> 1.4166757 | AB69: =IF($V69="无效","",IF(F69="",0,F69/$U69*100)) -> 0 | AC69: =IF($V69="无效","",IF(G69="",0,G69/$U69*100)) -> 2.3575214 | AD69: =IF($V69="无效","",IF(H69="",0,H69/$U69*100)) -> 0 | AE69: =IF($V69="无效","",IF(I69="",0,I69/$U69*100)) -> 1.2544609 | ... AK69: =IF($V69="无效","",IF(O69="",0,O69/$U69*100)) -> 0 | AL69: =IF(V69="有效",SUM(X69:AK69),"") -> 100
A70: 58 | B70: 30.39 | D70: 0.34 | E70: 3.49 | F70: 0.79 | G70: 3.52 | H70: 0.86 | I70: 3.13 | J70: 39.35 | K70: 7.66 | L70: 8.99 | M70: 0.24 | P70: 58 | Q70: =IF(ISNUMBER(SEARCH("未风化点",A70)),"未风化点",IF(ISNUMBER(SEARCH("严重风化点",A70)),"严重风化点",IF(ISNUMBER(SEARCH("部位",A70)),"不同部位","普通采样点"))) -> 普通采样点 | R70: =VLOOKUP(P70,表单1_清洗!$A$2:$E$59,3,FALSE) -> 铅钡 | S70: =VLOOKUP(P70,表单1_清洗!$A$2:$E$59,5,FALSE) -> 风化 | T70: =IF(ISNUMBER(SEARCH("未风化点",A70)),"无风化",IF(ISNUMBER(SEARCH("严重风化点",A70)),"风化",S70)) -> 风化 | U70: =SUM(B70:O70) -> 98.76 | V70: =IF(AND(U70>=85,U70<=105),"有效","无效") -> 有效 | W70: =COUNTBLANK(B70:O70)+COUNTIF(B70:O70,0) -> 3 | X70: =IF($V70="无效","",IF(B70="",0,B70/$U70*100)) -> 30.771567 | Y70: =IF($V70="无效","",IF(C70="",0,C70/$U70*100)) -> 0 | Z70: =IF($V70="无效","",IF(D70="",0,D70/$U70*100)) -> 0.34426893 | AA70: =IF($V70="无效","",IF(E70="",0,E70/$U70*100)) -> 3.5338194 | AB70: =IF($V70="无效","",IF(F70="",0,F70/$U70*100)) -> 0.799919 | AC70: =IF($V70="无效","",IF(G70="",0,G70/$U70*100)) -> 3.564196 | AD70: =IF($V70="无效","",IF(H70="",0,H70/$U70*100)) -> 0.87079789 | AE70: =IF($V70="无效","",IF(I70="",0,I70/$U70*100)) -> 3.1692993 | ... AK70: =IF($V70="无效","",IF(O70="",0,O70/$U70*100)) -> 0 | AL70: =IF(V70="有效",SUM(X70:AK70),"") -> 100

Sheet 模型数据
A1: 采样点 | B1: 文物编号 | C1: 采样点类型 | D1: 玻璃类型 | E1: 实际风化 | F1: 原始成分总和 | G1: 未检出数 | H1: 二氧化硅(SiO2)_归一化 | I1: 氧化钠(Na2O)_归一化 | J1: 氧化钾(K2O)_归一化 | K1: 氧化钙(CaO)_归一化 | L1: 氧化镁(MgO)_归一化 | M1: 氧化铝(Al2O3)_归一化 | N1: 氧化铁(Fe2O3)_归一化 | O1: 氧化铜(CuO)_归一化 | P1: 氧化铅(PbO)_归一化 | Q1: 氧化钡(BaO)_归一化 | R1: 五氧化二磷(P2O5)_归一化 | S1: 氧化锶(SrO)_归一化 | T1: 氧化锡(SnO2)_归一化 | U1: 二氧化硫(SO2)_归一化 | V1: 归一化合计
A2: 01 | B2: 01 | C2: =表单2_清洗!Q2 -> 普通采样点 | D2: =表单2_清洗!R2 -> 高钾 | E2: =表单2_清洗!T2 -> 无风化 | F2: =表单2_清洗!U2 -> 97.61 | G2: =表单2_清洗!W2 -> 5 | H2: =表单2_清洗!X2 -> 71.027559 | I2: =表单2_清洗!Y2 -> 0 | J2: =表单2_清洗!Z2 -> 10.234607 | K2: =表单2_清洗!AA2 -> 6.4747464 | L2: =表单2_清洗!AB2 -> 0.89130212 | M2: =表单2_清洗!AC2 -> 4.0262268 | N2: =表单2_清洗!AD2 -> 1.7826042 | ... V2: =表单2_清洗!AL2 -> 100
A3: 02 | B3: 02 | C3: =表单2_清洗!Q3 -> 普通采样点 | D3: =表单2_清洗!R3 -> 铅钡 | E3: =表单2_清洗!T3 -> 风化 | F3: =表单2_清洗!U3 -> 99.89 | G3: =表单2_清洗!W3 -> 4 | H3: =表单2_清洗!X3 -> 36.319952 | I3: =表单2_清洗!Y3 -> 0 | J3: =表单2_清洗!Z3 -> 1.0511563 | K3: =表单2_清洗!AA3 -> 2.3425768 | L3: =表单2_清洗!AB3 -> 1.1812994 | M3: =表单2_清洗!AC3 -> 5.7363099 | N3: =表单2_清洗!AD3 -> 1.8620483 | ... V3: =表单2_清洗!AL3 -> 100
A4: 03部位1 | B4: 03 | C4: =表单2_清洗!Q4 -> 不同部位 | D4: =表单2_清洗!R4 -> 高钾 | E4: =表单2_清洗!T4 -> 无风化 | F4: =表单2_清洗!U4 -> 100 | G4: =表单2_清洗!W4 -> 7 | H4: =表单2_清洗!X4 -> 87.05 | I4: ssi | J4: =表单2_清洗!Z4 -> 5.19 | K4: =表单2_清洗!AA4 -> 2.01 | L4: =表单2_清洗!AB4 -> 0 | M4: =表单2_清洗!AC4 -> 4.06 | N4: =表单2_清洗!AD4 -> 0 | O4: =表单2_清洗!AE4 -> 0.78 | P4: =表单2_清洗!AF4 -> 0.25 | Q4: =表单2_清洗!AG4 -> 0 | ... V4: =表单2_清洗!AL4 -> 100
A5: 03部位2 | B5: 03 | C5: =表单2_清洗!Q5 -> 不同部位 | D5: =表单2_清洗!R5 -> 高钾 | E5: =表单2_清洗!T5 -> 无风化 | F5: =表单2_清洗!U5 -> 98.88 | G5: =表单2_清洗!W5 -> 3 | H5: =表单2_清洗!X5 -> 62.408981 | I5: =表单2_清洗!Y5 -> 0 | J5: =表单2_清洗!Z5 -> 12.510113 | K5: =表单2_清洗!AA5 -> 5.9364887 | L5: =表单2_清洗!AB5 -> 1.1225728 | M5: =表单2_清洗!AC5 -> 5.5622977 | N5: =表单2_清洗!AD5 -> 2.184466 | ... V5: =表单2_清洗!AL5 -> 100
A6: 04 | B6: 04 | C6: =表单2_清洗!Q6 -> 普通采样点 | D6: =表单2_清洗!R6 -> 高钾 | E6: =表单2_清洗!T6 -> 无风化 | F6: =表单2_清洗!U6 -> 96.06 | G6: =表单2_清洗!W6 -> 5 | H6: =表单2_清洗!X6 -> 68.582136 | I6: =表单2_清洗!Y6 -> 0 | J6: =表单2_清洗!Z6 -> 10.066625 | K6: =表单2_清洗!AA6 -> 7.4120341 | L6: =表单2_清洗!AB6 -> 1.623985 | M6: =表单2_清洗!AC6 -> 6.7041432 | N6: =表单2_清洗!AD6 -> 2.144493 | ... V6: =表单2_清洗!AL6 -> 100
A7: 05 | B7: 05 | C7: =表单2_清洗!Q7 -> 普通采样点 | D7: =表单2_清洗!R7 -> 高钾 | E7: =表单2_清洗!T7 -> 无风化 | F7: =表单2_清洗!U7 -> 96.51 | G7: =表单2_清洗!W7 -> 4 | H7: =表单2_清洗!X7 -> 63.806859 | I7: =表单2_清洗!Y7 -> 0 | J7: =表单2_清洗!Z7 -> 11.345975 | K7: =表单2_清洗!AA7 -> 7.6157911 | L7: =表单2_清洗!AB7 -> 1.8340068 | M7: =表单2_清洗!AC7 -> 7.7712154 | N7: =表单2_清洗!AD7 -> 2.7147446 | ... V7: =表单2_清洗!AL7 -> 100
A8: 06部位1 | B8: 06 | C8: =表单2_清洗!Q8 -> 不同部位 | D8: =表单2_清洗!R8 -> 高钾 | E8: =表单2_清洗!T8 -> 无风化 | F8: =表单2_清洗!U8 -> 98.92 | G8: =表单2_清洗!W8 -> 4 | H8: =表单2_清洗!X8 -> 68.388597 | I8: =表单2_清洗!Y8 -> 0 | J8: =表单2_清洗!Z8 -> 7.450465 | K8: =表单2_清洗!AA8 -> 0 | L8: =表单2_清洗!AB8 -> 2.0016175 | M8: =表单2_清洗!AC8 -> 11.271735 | N8: =表单2_清洗!AD8 -> 2.4160938 | ... V8: =表单2_清洗!AL8 -> 100
A9: 06部位2 | B9: 06 | C9: =表单2_清洗!Q9 -> 不同部位 | D9: =表单2_清洗!R9 -> 高钾 | E9: =表单2_清洗!T9 -> 无风化 | F9: =表单2_清洗!U9 -> 98.84 | G9: =表单2_清洗!W9 -> 3 | H9: =表单2_清洗!X9 -> 60.511938 | I9: =表单2_清洗!Y9 -> 0 | J9: =表单2_清洗!Z9 -> 7.7701335 | K9: =表单2_清洗!AA9 -> 5.4734925 | L9: =表单2_清洗!AB9 -> 1.7503035 | M9: =表单2_清洗!AC9 -> 10.167948 | N9: =表单2_清洗!AD9 -> 6.1108863 | ... V9: =表单2_清洗!AL9 -> 100
A10: 07 | B10: 07 | C10: =表单2_清洗!Q10 -> 普通采样点 | D10: =表单2_清洗!R10 -> 高钾 | E10: =表单2_清洗!T10 -> 风化 | F10: =表单2_清洗!U10 -> 99.7 | G10: =表单2_清洗!W10 -> 8 | H10: =表单2_清洗!X10 -> 92.908726 | I10: =表单2_清洗!Y10 -> 0 | J10: =表单2_清洗!Z10 -> 0 | K10: =表单2_清洗!AA10 -> 1.0732197 | L10: =表单2_清洗!AB10 -> 0 | M10: =表单2_清洗!AC10 -> 1.9859579 | N10: =表单2_清洗!AD10 -> 0.17051153 | ... V10: =表单2_清洗!AL10 -> 100
A11: 08 | B11: 08 | C11: =表单2_清洗!Q11 -> 普通采样点 | D11: =表单2_清洗!R11 -> 铅钡 | E11: =表单2_清洗!T11 -> 风化 | F11: =表单2_清洗!U11 -> 99.82 | G11: =表单2_清洗!W11 -> 5 | H11: =表单2_清洗!X11 -> 20.176317 | I11: =表单2_清洗!Y11 -> 0 | J11: =表单2_清洗!Z11 -> 0 | K11: =表单2_清洗!AA11 -> 1.4826688 | L11: =表单2_清洗!AB11 -> 0 | M11: =表单2_清洗!AC11 -> 1.3424163 | N11: =表单2_清洗!AD11 -> 0 | ... V11: =表单2_清洗!AL11 -> 100
A12: 08严重风化点 | B12: 08 | C12: =表单2_清洗!Q12 -> 严重风化点 | D12: =表单2_清洗!R12 -> 铅钡 | E12: =表单2_清洗!T12 -> 风化 | F12: =表单2_清洗!U12 -> 98.24 | G12: =表单2_清洗!W12 -> 5 | H12: =表单2_清洗!X12 -> 4.6925896 | I12: =表单2_清洗!Y12 -> 0 | J12: =表单2_清洗!Z12 -> 0 | K12: =表单2_清洗!AA12 -> 3.2471498 | L12: =表单2_清洗!AB12 -> 0 | M12: =表单2_清洗!AC12 -> 1.129886 | N12: =表单2_清洗!AD12 -> 0 | ... V12: =表单2_清洗!AL12 -> 100
A13: 09 | B13: 09 | C13: =表单2_清洗!Q13 -> 普通采样点 | D13: =表单2_清洗!R13 -> 高钾 | E13: =表单2_清洗!T13 -> 风化 | F13: =表单2_清洗!U13 -> 99.77 | G13: =表单2_清洗!W13 -> 7 | H13: =表单2_清洗!X13 -> 95.23905 | I13: =表单2_清洗!Y13 -> 0 | J13: =表单2_清洗!Z13 -> 0.59136013 | K13: =表单2_清洗!AA13 -> 0.62142929 | L13: =表单2_清洗!AB13 -> 0 | M13: =表单2_清洗!AC13 -> 1.323043 | N13: =表单2_清洗!AD13 -> 0.3207377 | ... V13: =表单2_清洗!AL13 -> 100
A14: 10 | B14: 10 | C14: =表单2_清洗!Q14 -> 普通采样点 | D14: =表单2_清洗!R14 -> 高钾 | E14: =表单2_清洗!T14 -> 风化 | F14: =表单2_清洗!U14 -> 99.81 | G14: =表单2_清洗!W14 -> 8 | H14: =表单2_清洗!X14 -> 96.954213 | I14: =表单2_清洗!Y14 -> 0 | J14: =表单2_清洗!Z14 -> 0.92175133 | K14: =表单2_清洗!AA14 -> 0.21039976 | L14: =表单2_清洗!AB14 -> 0 | M14: =表单2_清洗!AC14 -> 0.81154193 | N14: =表单2_清洗!AD14 -> 0.26049494 | ... V14: =表单2_清洗!AL14 -> 100
A15: 11 | B15: 11 | C15: =表单2_清洗!Q15 -> 普通采样点 | D15: =表单2_清洗!R15 -> 铅钡 | E15: =表单2_清洗!T15 -> 风化 | F15: =表单2_清洗!U15 -> 95.39 | G15: =表单2_清洗!W15 -> 4 | H15: =表单2_清洗!X15 -> 35.213335 | I15: =表单2_清洗!Y15 -> 0 | J15: =表单2_清洗!Z15 -> 0.22014886 | K15: =表单2_清洗!AA15 -> 3.679631 | L15: =表单2_清洗!AB15 -> 0.74431282 | M15: =表单2_清洗!AC15 -> 2.8200021 | N15: =表单2_清洗!AD15 -> 0 | ... V15: =表单2_清洗!AL15 -> 100
A16: 12 | B16: 12 | C16: =表单2_清洗!Q16 -> 普通采样点 | D16: =表单2_清洗!R16 -> 高钾 | E16: =表单2_清洗!T16 -> 风化 | F16: =表单2_清洗!U16 -> 99.57 | G16: =表单2_清洗!W16 -> 7 | H16: =表单2_清洗!X16 -> 94.697198 | I16: =表单2_清洗!Y16 -> 0 | J16: =表单2_清洗!Z16 -> 1.0143618 | K16: =表单2_清洗!AA16 -> 0.72310937 | L16: =表单2_清洗!AB16 -> 0 | M16: =表单2_清洗!AC16 -> 1.4663051 | N16: =表单2_清洗!AD16 -> 0.29125239 | ... V16: =表单2_清洗!AL16 -> 100
... A18: 14 | B18: 14 | C18: =表单2_清洗!Q18 -> 普通采样点 | D18: =表单2_清洗!R18 -> 高钾 | E18: =表单2_清洗!T18 -> 无风化 | F18: =表单2_清洗!U18 -> 99 | G18: =表单2_清洗!W18 -> 4 | H18: =表单2_清洗!X18 -> 63.10101 | I18: =表单2_清洗!Y18 -> 3.4141414 | J18: =表单2_清洗!Z18 -> 12.40404 | K18: =表单2_清洗!AA18 -> 8.3131313 | L18: =表单2_清洗!AB18 -> 0.66666667 | M18: =表单2_清洗!AC18 -> 9.3232323 | N18: =表单2_清洗!AD18 -> 0.50505051 | ... V18: =表单2_清洗!AL18 -> 100
A19: 16 | B19: 16 | C19: =表单2_清洗!Q20 -> 普通采样点 | D19: =表单2_清洗!R20 -> 高钾 | E19: =表单2_清洗!T20 -> 无风化 | F19: =表单2_清洗!U20 -> 98.41 | G19: =表单2_清洗!W20 -> 4 | H19: =表单2_清洗!X20 -> 66.233106 | I19: =表单2_清洗!Y20 -> 2.1339295 | J19: =表单2_清洗!Z20 -> 14.754598 | K19: =表单2_清洗!AA20 -> 8.4036175 | L19: =表单2_清洗!AB20 -> 0.52840159 | M19: =表单2_清洗!AC20 -> 6.2798496 | N19: =表单2_清洗!AD20 -> 0.4267859 | ... V19: =表单2_清洗!AL20 -> 100
A20: 18 | B20: 18 | C20: =表单2_清洗!Q22 -> 普通采样点 | D20: =表单2_清洗!R22 -> 高钾 | E20: =表单2_清洗!T22 -> 无风化 | F20: =表单2_清洗!U22 -> 97.25 | G20: =表单2_清洗!W22 -> 7 | H20: =表单2_清洗!X22 -> 81.706941 | I20: =表单2_清洗!Y22 -> 0 | J20: =表单2_清洗!Z22 -> 9.6863753 | K20: =表单2_清洗!AA22 -> 0 | L20: =表单2_清洗!AB22 -> 1.5732648 | M20: =表单2_清洗!AC22 -> 3.1362468 | N20: =表单2_清洗!AD22 -> 0 | ... V20: =表单2_清洗!AL22 -> 100
A21: 19 | B21: 19 | C21: =表单2_清洗!Q23 -> 普通采样点 | D21: =表单2_清洗!R23 -> 铅钡 | E21: =表单2_清洗!T23 -> 风化 | F21: =表单2_清洗!U23 -> 98.76 | G21: =表单2_清洗!W23 -> 4 | H21: =表单2_清洗!X23 -> 30.012151 | I21: =表单2_清洗!Y23 -> 0 | J21: =表单2_清洗!Z23 -> 0 | K21: =表单2_清洗!AA23 -> 2.9667882 | L21: =表单2_清洗!AB23 -> 0.59740786 | M21: =表单2_清洗!AC23 -> 3.6148238 | N21: =表单2_清洗!AD23 -> 1.3466991 | ... V21: =表单2_清洗!AL23 -> 100
A22: 20 | B22: 20 | C22: =表单2_清洗!Q24 -> 普通采样点 | D22: =表单2_清洗!R24 -> 铅钡 | E22: =表单2_清洗!T24 -> 无风化 | F22: =表单2_清洗!U24 -> 88.41 | G22: =表单2_清洗!W24 -> 6 | H22: =表单2_清洗!X24 -> 42.257663 | I22: =表单2_清洗!Y24 -> 0 | J22: =表单2_清洗!Z24 -> 0.80307658 | K22: =表单2_清洗!AA24 -> 0 | L22: =表单2_清洗!AB24 -> 0 | M22: =表单2_清洗!AC24 -> 6.164461 | N22: =表单2_清洗!AD24 -> 1.7079516 | ... V22: =表单2_清洗!AL24 -> 100
A23: 21 | B23: 21 | C23: =表单2_清洗!Q25 -> 普通采样点 | D23: =表单2_清洗!R25 -> 高钾 | E23: =表单2_清洗!T25 -> 无风化 | F23: =表单2_清洗!U25 -> 98.52 | G23: =表单2_清洗!W25 -> 5 | H23: =表单2_清洗!X25 -> 77.831912 | I23: =表单2_清洗!Y25 -> 0 | J23: =表单2_清洗!Z25 -> 0 | K23: =表单2_清洗!AA25 -> 4.7807552 | L23: =表单2_清洗!AB25 -> 1.2383272 | M23: =表单2_清洗!AC25 -> 6.2829882 | N23: =表单2_清洗!AD25 -> 2.4056029 | ... V23: =表单2_清洗!AL25 -> 100
A24: 22 | B24: 22 | C24: =表单2_清洗!Q26 -> 普通采样点 | D24: =表单2_清洗!R26 -> 高钾 | E24: =表单2_清洗!T26 -> 风化 | F24: =表单2_清洗!U26 -> 100 | G24: =表单2_清洗!W26 -> 6 | H24: =表单2_清洗!X26 -> 92.35 | I24: =表单2_清洗!Y26 -> 0 | J24: =表单2_清洗!Z26 -> 0.74 | K24: =表单2_清洗!AA26 -> 1.66 | L24: =表单2_清洗!AB26 -> 0.64 | M24: =表单2_清洗!AC26 -> 3.5 | N24: =表单2_清洗!AD26 -> 0.35 | ... V24: =表单2_清洗!AL26 -> 100
A25: 23未风化点 | B25: 23 | C25: =表单2_清洗!Q27 -> 未风化点 | D25: =表单2_清洗!R27 -> 铅钡 | E25: =表单2_清洗!T27 -> 无风化 | F25: =表单2_清洗!U27 -> 96.5 | G25: =表单2_清洗!W27 -> 5 | H25: =表单2_清洗!X27 -> 55.740933 | I25: =表单2_清洗!Y27 -> 8.2072539 | J25: =表单2_清洗!Z27 -> 0 | K25: =表单2_清洗!AA27 -> 0.51813472 | L25: =表单2_清洗!AB27 -> 0.7357513 | M25: =表单2_清洗!AC27 -> 1.4715026 | N25: =表单2_清洗!AD27 -> 0 | ... V25: =表单2_清洗!AL27 -> 100
A26: 24 | B26: 24 | C26: =表单2_清洗!Q28 -> 普通采样点 | D26: =表单2_清洗!R28 -> 铅钡 | E26: =表单2_清洗!T28 -> 无风化 | F26: =表单2_清洗!U28 -> 98.88 | G26: =表单2_清洗!W28 -> 6 | H26: =表单2_清洗!X28 -> 32.30178 | I26: =表单2_清洗!Y28 -> 0 | J26: =表单2_清洗!Z28 -> 0 | K26: =表单2_清洗!AA28 -> 0.47532362 | L26: =表单2_清洗!AB28 -> 0 | M26: =表单2_清洗!AC28 -> 1.6080097 | N26: =表单2_清洗!AD28 -> 0 | ... V26: =表单2_清洗!AL28 -> 100
A27: 25未风化点 | B27: 25 | C27: =表单2_清洗!Q29 -> 未风化点 | D27: =表单2_清洗!R29 -> 铅钡 | E27: =表单2_清洗!T29 -> 无风化 | F27: =表单2_清洗!U29 -> 97.06 | G27: =表单2_清洗!W29 -> 4 | H27: =表单2_清洗!X29 -> 52.143004 | I27: =表单2_清洗!Y29 -> 2.3799712 | J27: =表单2_清洗!Z29 -> 0 | K27: =表单2_清洗!AA29 -> 0.64908304 | L27: =表单2_清洗!AB29 -> 0 | M27: =表单2_清洗!AC29 -> 1.957552 | N27: =表单2_清洗!AD29 -> 1.5969503 | ... V27: =表单2_清洗!AL29 -> 100
A28: 26 | B28: 26 | C28: =表单2_清洗!Q30 -> 普通采样点 | D28: =表单2_清洗!R30 -> 铅钡 | E28: =表单2_清洗!T30 -> 风化 | F28: =表单2_清洗!U30 -> 99.82 | G28: =表单2_清洗!W30 -> 5 | H28: =表单2_清洗!X30 -> 19.825686 | I28: =表单2_清洗!Y30 -> 0 | J28: =表单2_清洗!Z30 -> 0 | K28: =表单2_清洗!AA30 -> 1.4425967 | L28: =表单2_清洗!AB30 -> 0 | M28: =表单2_清洗!AC30 -> 0.70126227 | N28: =表单2_清洗!AD30 -> 0 | ... V28: =表单2_清洗!AL30 -> 100
A29: 26严重风化点 | B29: 26 | C29: =表单2_清洗!Q31 -> 严重风化点 | D29: =表单2_清洗!R31 -> 铅钡 | E29: =表单2_清洗!T31 -> 风化 | F29: =表单2_清洗!U31 -> 99.89 | G29: =表单2_清洗!W31 -> 4 | H29: =表单2_清洗!X31 -> 3.7240965 | I29: =表单2_清洗!Y31 -> 0 | J29: =表单2_清洗!Z31 -> 0.40044048 | K29: =表单2_清洗!AA31 -> 3.0133146 | L29: =表单2_清洗!AB31 -> 0 | M29: =表单2_清洗!AC31 -> 1.1812994 | N29: =表单2_清洗!AD31 -> 0 | ... V29: =表单2_清洗!AL31 -> 100
A30: 27 | B30: 27 | C30: =表单2_清洗!Q32 -> 普通采样点 | D30: =表单2_清洗!R32 -> 高钾 | E30: =表单2_清洗!T32 -> 风化 | F30: =表单2_清洗!U32 -> 98.81 | G30: =表单2_清洗!W32 -> 7 | H30: =表单2_清洗!X32 -> 93.836656 | I30: =表单2_清洗!Y32 -> 0 | J30: =表单2_清洗!Z32 -> 0 | K30: =表单2_清洗!AA32 -> 0.95132072 | L30: =表单2_清洗!AB32 -> 0.54650339 | M30: =表单2_清洗!AC32 -> 2.5402287 | N30: =表单2_清洗!AD32 -> 0.20240866 | ... V30: =表单2_清洗!AL32 -> 100
A31: 28未风化点 | B31: 28 | C31: =表单2_清洗!Q33 -> 未风化点 | D31: =表单2_清洗!R33 -> 铅钡 | E31: =表单2_清洗!T33 -> 无风化 | F31: =表单2_清洗!U33 -> 98.69 | G31: =表单2_清洗!W33 -> 2 | H31: =表单2_清洗!X33 -> 68.983686 | I31: =表单2_清洗!Y33 -> 0 | J31: =表单2_清洗!Z33 -> 0.26345121 | K31: =表单2_清洗!AA33 -> 1.357787 | L31: =表单2_清洗!AB33 -> 1.0132739 | M31: =表单2_清洗!AC33 -> 4.7623873 | N31: =表单2_清洗!AD33 -> 0.41544229 | ... V31: =表单2_清洗!AL33 -> 100
... A68: 58 | B68: 58 | C68: =表单2_清洗!Q70 -> 普通采样点 | D68: =表单2_清洗!R70 -> 铅钡 | E68: =表单2_清洗!T70 -> 风化 | F68: =表单2_清洗!U70 -> 98.76 | G68: =表单2_清洗!W70 -> 3 | H68: =表单2_清洗!X70 -> 30.771567 | I68: =表单2_清洗!Y70 -> 0 | J68: =表单2_清洗!Z70 -> 0.34426893 | K68: =表单2_清洗!AA70 -> 3.5338194 | L68: =表单2_清洗!AB70 -> 0.799919 | M68: =表单2_清洗!AC70 -> 3.564196 | N68: =表单2_清洗!AD70 -> 0.87079789 | ... V68: =表单2_清洗!AL70 -> 100

Sheet 质量检查
A1: 2022C 数据清洗质量检查
A3: 检查项 | B3: 实际值 | C3: 预期值 | D3: 结果
A4: 表单1文物数 | B4: =COUNTA(表单1_清洗!$A$2:$A$59) -> 58 | C4: 58 | D4: =IF(B4=C4,"通过","检查") -> 通过
A5: 高钾文物数 | B5: =COUNTIF(表单1_清洗!$C$2:$C$59,"高钾") -> 18 | C5: 18 | D5: =IF(B5=C5,"通过","检查") -> 通过
A6: 铅钡文物数 | B6: =COUNTIF(表单1_清洗!$C$2:$C$59,"铅钡") -> 40 | C6: 40 | D6: =IF(B6=C6,"通过","检查") -> 通过
A7: 风化文物数 | B7: =COUNTIF(表单1_清洗!$E$2:$E$59,"风化") -> 34 | C7: 34 | D7: =IF(B7=C7,"通过","检查") -> 通过
A8: 无风化文物数 | B8: =COUNTIF(表单1_清洗!$E$2:$E$59,"无风化") -> 24 | C8: 24 | D8: =IF(B8=C8,"通过","检查") -> 通过
A9: 颜色缺失数 | B9: =SUM(表单1_清洗!$H$2:$H$59) -> 4 | C9: 4 | D9: =IF(B9=C9,"通过","检查") -> 通过
A10: 表单1异常行数 | B10: =COUNTIF(表单1_清洗!$I$2:$I$59,"检查") -> 0 | C10: 0 | D10: =IF(B10=C10,"通过","检查") -> 通过
A11: 表单2采样点数 | B11: =COUNTA(表单2_清洗!$A$2:$A$70) -> 69 | C11: 69 | D11: =IF(B11=C11,"通过","检查") -> 通过
A12: 有效采样点数 | B12: =COUNTIF(表单2_清洗!$V$2:$V$70,"有效") -> 67 | C12: 67 | D12: =IF(B12=C12,"通过","检查") -> 通过
A13: 无效采样点数 | B13: =COUNTIF(表单2_清洗!$V$2:$V$70,"无效") -> 2 | C13: 2 | D13: =IF(B13=C13,"通过","检查") -> 通过
A14: 模型数据行数 | B14: =COUNTA(模型数据!$A$2:$A$68) -> 67 | C14: 67 | D14: =IF(B14=C14,"通过","检查") -> 通过
A15: 高钾-无风化 | B15: =COUNTIFS(模型数据!$D$2:$D$68,"高钾",模型数据!$E$2:$E$68,"无风化") -> 12 | C15: 12 | D15: =IF(B15=C15,"通过","检查") -> 通过
A16: 高钾-风化 | B16: =COUNTIFS(模型数据!$D$2:$D$68,"高钾",模型数据!$E$2:$E$68,"风化") -> 6 | C16: 6 | D16: =IF(B16=C16,"通过","检查") -> 通过
A17: 铅钡-无风化 | B17: =COUNTIFS(模型数据!$D$2:$D$68,"铅钡",模型数据!$E$2:$E$68,"无风化") -> 23 | C17: 23 | D17: =IF(B17=C17,"通过","检查") -> 通过
A18: 铅钡-风化 | B18: =COUNTIFS(模型数据!$D$2:$D$68,"铅钡",模型数据!$E$2:$E$68,"风化") -> 26 | C18: 26 | D18: =IF(B18=C18,"通过","检查") -> 通过
A19: 归一化合计异常数 | B19: =COUNTIF(模型数据!$V$2:$V$68,"<99.999")+COUNTIF(模型数据!$V$2:$V$68,">100.001") -> 0 | C19: 0 | D19: =IF(B19=C19,"通过","检查") -> 通过
A22: 无效样本 | B22: 15（合计79.47%）；17（合计71.89%） | C22: 处理方式 | D22: 完整清洗表保留，模型数据排除
A24: 清洗规则：原始表不改动；颜色空白记为“未知”并增加缺失标记；化学成分空白表示未检出，求和与归一化时按0处理；原始合计在85%-105%之间为有效；有效成分按行归一化到100%。
